competencia;simbolo;tipo;moeda_base;valor_brl;dia;fechamento;moeda_fechamento;dolar_usado;provedor;conferencia_brl;fonte_conferencia;diferenca;destino;repetida_de
2023-06;ARGT;ETF;USD;220,622976;2023-06-30;45,78;USD;4,8192;yahoo ARGT × PTAX;220,622976;alpha vantage ARGT × PTAX;0,00%;histórico diário;
2023-06;BTC;CRIPTO;BTC;146889;2023-06-30;146889;BRL;;binance BTCBRL;146850,6624;binance BTCUSDT × PTAX;0,03%;competência;
2023-06;ETH;CRIPTO;Altcoins;9316,32;2023-06-30;9316,32;BRL;;binance ETHBRL;9319,320768;binance ETHUSDT × PTAX;-0,03%;histórico diário;
2023-06;GLDM;ETF;USD;183,563328;2023-06-30;38,09;USD;4,8192;yahoo GLDM × PTAX;183,563328;alpha vantage GLDM × PTAX;0,00%;histórico diário;
2023-06;IAUM;ETF;USD;92,432256;2023-06-30;19,18;USD;4,8192;yahoo IAUM × PTAX;92,432256;alpha vantage IAUM × PTAX;0,00%;histórico diário;
2023-06;SIVR;ETF;USD;105,29952;2023-06-30;21,85;USD;4,8192;yahoo SIVR × PTAX;105,29952;alpha vantage SIVR × PTAX;0,00%;histórico diário;
2023-06;SOL;CRIPTO;Altcoins;91;2023-06-30;91;BRL;;binance SOLBRL;90,890112;binance SOLUSDT × PTAX;0,12%;histórico diário;
2023-06;USD;FIAT;USD;4,8192;2023-06-30;4,8192;BRL;;ptax-bcb;4,8556;yahoo BRL=X;-0,75%;competência;
2023-06;VOO;ETF;USD;1962,763776;2023-06-30;407,28;USD;4,8192;yahoo VOO × PTAX;1962,763776;alpha vantage VOO × PTAX;0,00%;histórico diário;
2023-06;VTI;ETF;USD;1061,573376;2023-06-30;220,28;USD;4,8192;yahoo VTI × PTAX;1061,573376;alpha vantage VTI × PTAX;0,00%;histórico diário;
2023-06;VXUS;ETF;USD;270,260736;2023-06-30;56,08;USD;4,8192;yahoo VXUS × PTAX;270,260736;alpha vantage VXUS × PTAX;0,00%;histórico diário;
2023-07;ARGT;ETF;USD;222,044445;2023-07-31;46,83;USD;4,7415;yahoo ARGT × PTAX;222,044445;alpha vantage ARGT × PTAX;0,00%;histórico diário;
2023-07;BTC;CRIPTO;BTC;139253;2023-07-31;139253;BRL;;binance BTCBRL;138604,713375;binance BTCUSDT × PTAX;0,47%;competência;
2023-07;ETH;CRIPTO;Altcoins;8840;2023-07-31;8840;BRL;;binance ETHBRL;8800,88781;binance ETHUSDT × PTAX;0,44%;histórico diário;
2023-07;GLDM;ETF;USD;184,82367;2023-07-31;38,98;USD;4,7415;yahoo GLDM × PTAX;184,82367;alpha vantage GLDM × PTAX;0,00%;histórico diário;
2023-07;IAUM;ETF;USD;92,980815;2023-07-31;19,61;USD;4,7415;yahoo IAUM × PTAX;92,980815;alpha vantage IAUM × PTAX;0,00%;histórico diário;
2023-07;SIVR;ETF;USD;112,46838;2023-07-31;23,72;USD;4,7415;yahoo SIVR × PTAX;112,46838;alpha vantage SIVR × PTAX;0,00%;histórico diário;
2023-07;SOL;CRIPTO;Altcoins;113,1;2023-07-31;113,1;BRL;;binance SOLBRL;112,515795;binance SOLUSDT × PTAX;0,52%;histórico diário;
2023-07;USD;FIAT;USD;4,7415;2023-07-31;4,7415;BRL;;ptax-bcb;4,7233;yahoo BRL=X;0,39%;competência;
2023-07;VOO;ETF;USD;1994,65422;2023-07-31;420,68;USD;4,7415;yahoo VOO × PTAX;1994,65422;alpha vantage VOO × PTAX;0,00%;histórico diário;
2023-07;VTI;ETF;USD;1082,721525;2023-07-31;228,35;USD;4,7415;yahoo VTI × PTAX;1082,721525;alpha vantage VTI × PTAX;0,00%;histórico diário;
2023-07;VXUS;ETF;USD;276,23979;2023-07-31;58,26;USD;4,7415;yahoo VXUS × PTAX;276,23979;alpha vantage VXUS × PTAX;0,00%;histórico diário;
2023-08;ARGT;ETF;USD;233,544155;2023-08-31;47,45;USD;4,9219;yahoo ARGT × PTAX;233,544155;alpha vantage ARGT × PTAX;0,00%;histórico diário;
2023-08;BTC;CRIPTO;BTC;129220;2023-08-31;129220;BRL;;binance BTCBRL;127677,925082;binance BTCUSDT × PTAX;1,21%;competência;
2023-08;ETH;CRIPTO;Altcoins;8197,63;2023-08-31;8197,63;BRL;;binance ETHBRL;8100,266144;binance ETHUSDT × PTAX;1,20%;histórico diário;
2023-08;GLDM;ETF;USD;189,394712;2023-08-31;38,48;USD;4,9219;yahoo GLDM × PTAX;189,394712;alpha vantage GLDM × PTAX;0,00%;histórico diário;
2023-08;IAUM;ETF;USD;95,386422;2023-08-31;19,38;USD;4,9219;yahoo IAUM × PTAX;95,386422;alpha vantage IAUM × PTAX;0,00%;histórico diário;
2023-08;SIVR;ETF;USD;115,17246;2023-08-31;23,4;USD;4,9219;yahoo SIVR × PTAX;115,17246;alpha vantage SIVR × PTAX;0,00%;histórico diário;
2023-08;SOL;CRIPTO;Altcoins;98,2;2023-08-31;98,2;BRL;;binance SOLBRL;97,158306;binance SOLUSDT × PTAX;1,07%;histórico diário;
2023-08;USD;FIAT;USD;4,9219;2023-08-31;4,9219;BRL;;ptax-bcb;4,8884;yahoo BRL=X;0,69%;competência;
2023-08;VOO;ETF;USD;2036,829877;2023-08-31;413,83;USD;4,9219;yahoo VOO × PTAX;2036,829877;alpha vantage VOO × PTAX;0,00%;histórico diário;
2023-08;VTI;ETF;USD;1102,210286;2023-08-31;223,94;USD;4,9219;yahoo VTI × PTAX;1102,210286;alpha vantage VTI × PTAX;0,00%;histórico diário;
2023-08;VXUS;ETF;USD;274,14983;2023-08-31;55,7;USD;4,9219;yahoo VXUS × PTAX;274,14983;alpha vantage VXUS × PTAX;0,00%;histórico diário;
2023-09;ARGT;ETF;USD;206,713728;2023-09-29;41,28;USD;5,0076;yahoo ARGT × PTAX;206,713728;alpha vantage ARGT × PTAX;0,00%;histórico diário;
2023-09;BTC;CRIPTO;BTC;135783;2023-09-30;135783;BRL;;binance BTCBRL;135017,715456;binance BTCUSDT × PTAX;0,57%;competência;
2023-09;ETH;CRIPTO;Altcoins;8413,3;2023-09-30;8413,3;BRL;;binance ETHBRL;8367,148764;binance ETHUSDT × PTAX;0,55%;histórico diário;
2023-09;GLDM;ETF;USD;183,578616;2023-09-29;36,66;USD;5,0076;yahoo GLDM × PTAX;183,578616;alpha vantage GLDM × PTAX;0,00%;histórico diário;
2023-09;IAUM;ETF;USD;92,39022;2023-09-29;18,45;USD;5,0076;yahoo IAUM × PTAX;92,39022;alpha vantage IAUM × PTAX;0,00%;histórico diário;
2023-09;SIVR;ETF;USD;106,461576;2023-09-29;21,26;USD;5,0076;yahoo SIVR × PTAX;106,461576;alpha vantage SIVR × PTAX;0,00%;histórico diário;
2023-09;SOL;CRIPTO;Altcoins;107,7;2023-09-30;107,7;BRL;;binance SOLBRL;107,012412;binance SOLUSDT × PTAX;0,64%;histórico diário;
2023-09;USD;FIAT;USD;5,0076;2023-09-29;5,0076;BRL;;ptax-bcb;5,0328;yahoo BRL=X;-0,50%;competência;
2023-09;VOO;ETF;USD;1966,48452;2023-09-29;392,7;USD;5,0076;yahoo VOO × PTAX;1966,48452;alpha vantage VOO × PTAX;0,00%;histórico diário;
2023-09;VTI;ETF;USD;1063,664316;2023-09-29;212,41;USD;5,0076;yahoo VTI × PTAX;1063,664316;alpha vantage VTI × PTAX;0,00%;histórico diário;
2023-09;VXUS;ETF;USD;268,006752;2023-09-29;53,52;USD;5,0076;yahoo VXUS × PTAX;268,006752;alpha vantage VXUS × PTAX;0,00%;histórico diário;
2023-10;ARGT;ETF;USD;194,4103;2023-10-31;38,44;USD;5,0575;yahoo ARGT × PTAX;194,4103;alpha vantage ARGT × PTAX;0,00%;histórico diário;
2023-10;BTC;CRIPTO;BTC;175093;2023-10-31;175093;BRL;;binance BTCBRL;175190,636775;binance BTCUSDT × PTAX;-0,06%;competência;
2023-10;ETH;CRIPTO;Altcoins;9173,51;2023-10-31;9173,51;BRL;;binance ETHBRL;9177,693525;binance ETHUSDT × PTAX;-0,05%;histórico diário;
2023-10;GLDM;ETF;USD;199,113775;2023-10-31;39,37;USD;5,0575;yahoo GLDM × PTAX;199,113775;alpha vantage GLDM × PTAX;0,00%;histórico diário;
2023-10;IAUM;ETF;USD;100,189075;2023-10-31;19,81;USD;5,0575;yahoo IAUM × PTAX;100,189075;alpha vantage IAUM × PTAX;0,00%;histórico diário;
2023-10;SIVR;ETF;USD;110,8604;2023-10-31;21,92;USD;5,0575;yahoo SIVR × PTAX;110,8604;alpha vantage SIVR × PTAX;0,00%;histórico diário;
2023-10;SOL;CRIPTO;Altcoins;194,2;2023-10-31;194,2;BRL;;binance SOLBRL;194,208;binance SOLUSDT × PTAX;-0,00%;histórico diário;
2023-10;USD;FIAT;USD;5,0575;2023-10-31;5,0575;BRL;;ptax-bcb;5,0461;yahoo BRL=X;0,23%;competência;
2023-10;VOO;ETF;USD;1942,939775;2023-10-31;384,17;USD;5,0575;yahoo VOO × PTAX;1942,939775;alpha vantage VOO × PTAX;0,00%;histórico diário;
2023-10;VTI;ETF;USD;1045,840425;2023-10-31;206,79;USD;5,0575;yahoo VTI × PTAX;1045,840425;alpha vantage VTI × PTAX;0,00%;histórico diário;
2023-10;VXUS;ETF;USD;261,5739;2023-10-31;51,72;USD;5,0575;yahoo VXUS × PTAX;261,5739;alpha vantage VXUS × PTAX;0,00%;histórico diário;
2023-11;ARGT;ETF;USD;249,24275;2023-11-30;50,5;USD;4,9355;yahoo ARGT × PTAX;249,24275;alpha vantage ARGT × PTAX;0,00%;histórico diário;
2023-11;BTC;CRIPTO;BTC;186618;2023-11-30;186618;BRL;;binance BTCBRL;186186,60458;binance BTCUSDT × PTAX;0,23%;competência;
2023-11;ETH;CRIPTO;Altcoins;10150,26;2023-11-30;10150,26;BRL;;binance ETHBRL;10127,44858;binance ETHUSDT × PTAX;0,23%;histórico diário;
2023-11;GLDM;ETF;USD;199,29549;2023-11-30;40,38;USD;4,9355;yahoo GLDM × PTAX;199,29549;alpha vantage GLDM × PTAX;0,00%;histórico diário;
2023-11;IAUM;ETF;USD;100,338715;2023-11-30;20,33;USD;4,9355;yahoo IAUM × PTAX;100,338715;alpha vantage IAUM × PTAX;0,00%;histórico diário;
2023-11;SIVR;ETF;USD;119,34039;2023-11-30;24,18;USD;4,9355;yahoo SIVR × PTAX;119,34039;alpha vantage SIVR × PTAX;0,00%;histórico diário;
2023-11;SOL;CRIPTO;Altcoins;293,1;2023-11-30;293,1;BRL;;binance SOLBRL;292,67515;binance SOLUSDT × PTAX;0,15%;histórico diário;
2023-11;USD;FIAT;USD;4,9355;2023-11-30;4,9355;BRL;;ptax-bcb;4,9041;yahoo BRL=X;0,64%;competência;
2023-11;VOO;ETF;USD;2069,9487;2023-11-30;419,4;USD;4,9355;yahoo VOO × PTAX;2069,9487;alpha vantage VOO × PTAX;0,00%;histórico diário;
2023-11;VTI;ETF;USD;1116,70623;2023-11-30;226,26;USD;4,9355;yahoo VTI × PTAX;1116,70623;alpha vantage VTI × PTAX;0,00%;histórico diário;
2023-11;VXUS;ETF;USD;276,28929;2023-11-30;55,98;USD;4,9355;yahoo VXUS × PTAX;276,28929;alpha vantage VXUS × PTAX;0,00%;histórico diário;
2023-12;ARGT;ETF;USD;248,552342;2023-12-29;51,34;USD;4,8413;yahoo ARGT × PTAX;248,552342;alpha vantage ARGT × PTAX;0,00%;histórico diário;
2023-12;BTC;CRIPTO;BTC;209177;2023-12-31;209177;BRL;;binance BTCBRL;204707,495854;binance BTCUSDT × PTAX;2,18%;competência;
2023-12;ETH;CRIPTO;Altcoins;11284,91;2023-12-31;11284,91;BRL;;binance ETHBRL;11047,217231;binance ETHUSDT × PTAX;2,15%;histórico diário;
2023-12;GLDM;ETF;USD;198,057583;2023-12-29;40,91;USD;4,8413;yahoo GLDM × PTAX;198,057583;alpha vantage GLDM × PTAX;0,00%;histórico diário;
2023-12;IAUM;ETF;USD;99,73078;2023-12-29;20,6;USD;4,8413;yahoo IAUM × PTAX;99,73078;alpha vantage IAUM × PTAX;0,00%;histórico diário;
2023-12;SIVR;ETF;USD;110,236401;2023-12-29;22,77;USD;4,8413;yahoo SIVR × PTAX;110,236401;alpha vantage SIVR × PTAX;0,00%;histórico diário;
2023-12;SOL;CRIPTO;Altcoins;503;2023-12-31;503;BRL;;binance SOLBRL;492,457036;binance SOLUSDT × PTAX;2,14%;histórico diário;
2023-12;USD;FIAT;USD;4,8413;2023-12-29;4,8413;BRL;;ptax-bcb;4,8502;yahoo BRL=X;-0,18%;competência;
2023-12;VOO;ETF;USD;2114,67984;2023-12-29;436,8;USD;4,8413;yahoo VOO × PTAX;2114,67984;alpha vantage VOO × PTAX;0,00%;histórico diário;
2023-12;VTI;ETF;USD;1148,453186;2023-12-29;237,22;USD;4,8413;yahoo VTI × PTAX;1148,453186;alpha vantage VTI × PTAX;0,00%;histórico diário;
2023-12;VXUS;ETF;USD;280,601748;2023-12-29;57,96;USD;4,8413;yahoo VXUS × PTAX;280,601748;alpha vantage VXUS × PTAX;0,00%;histórico diário;
2024-01;ARGT;ETF;USD;259,513865;2024-01-31;52,39;USD;4,9535;yahoo ARGT × PTAX;259,4980138;alpha vantage ARGT × PTAX;0,01%;histórico diário;
2024-01;BTC;CRIPTO;BTC;212339;2024-01-31;212339;BRL;;binance BTCBRL;210920,03;binance BTCUSDT × PTAX;0,67%;competência;
2024-01;ETH;CRIPTO;Altcoins;11388,14;2024-01-31;11388,14;BRL;;binance ETHBRL;11309,53399;binance ETHUSDT × PTAX;0,70%;histórico diário;
2024-01;GLDM;ETF;USD;199,82419;2024-01-31;40,34;USD;4,9535;yahoo GLDM × PTAX;199,82419;alpha vantage GLDM × PTAX;0,00%;histórico diário;
2024-01;IAUM;ETF;USD;100,55605;2024-01-31;20,3;USD;4,9535;yahoo IAUM × PTAX;100,55605;alpha vantage IAUM × PTAX;0,00%;histórico diário;
2024-01;SIVR;ETF;USD;108,28351;2024-01-31;21,86;USD;4,9535;yahoo SIVR × PTAX;108,28351;alpha vantage SIVR × PTAX;0,00%;histórico diário;
2024-01;SOL;CRIPTO;Altcoins;483,9;2024-01-31;483,9;BRL;;binance SOLBRL;480,29136;binance SOLUSDT × PTAX;0,75%;histórico diário;
2024-01;USD;FIAT;USD;4,9535;2024-01-31;4,9535;BRL;;ptax-bcb;4,9503;yahoo BRL=X;0,06%;competência;
2024-01;VOO;ETF;USD;2198,46237;2024-01-31;443,82;USD;4,9535;yahoo VOO × PTAX;2198,46237;alpha vantage VOO × PTAX;0,00%;histórico diário;
2024-01;VTI;ETF;USD;1188,196045;2024-01-31;239,87;USD;4,9535;yahoo VTI × PTAX;1188,196045;alpha vantage VTI × PTAX;0,00%;histórico diário;
2024-01;VXUS;ETF;USD;282,200895;2024-01-31;56,97;USD;4,9535;yahoo VXUS × PTAX;282,200895;alpha vantage VXUS × PTAX;0,00%;histórico diário;
2024-02;ARGT;ETF;USD;248,467338;2024-02-29;49,86;USD;4,9833;yahoo ARGT × PTAX;248,467338;alpha vantage ARGT × PTAX;0,00%;histórico diário;
2024-02;BTC;CRIPTO;BTC;306687;2024-02-29;306687;BRL;;binance BTCBRL;304634,012634;binance BTCUSDT × PTAX;0,67%;competência;
2024-02;ETH;CRIPTO;Altcoins;16751,35;2024-02-29;16751,35;BRL;;binance ETHBRL;16644,670497;binance ETHUSDT × PTAX;0,64%;histórico diário;
2024-02;GLDM;ETF;USD;202,022982;2024-02-29;40,54;USD;4,9833;yahoo GLDM × PTAX;202,022982;alpha vantage GLDM × PTAX;0,00%;histórico diário;
2024-02;IAUM;ETF;USD;101,65932;2024-02-29;20,4;USD;4,9833;yahoo IAUM × PTAX;101,65932;alpha vantage IAUM × PTAX;0,00%;histórico diário;
2024-02;SIVR;ETF;USD;108,187443;2024-02-29;21,71;USD;4,9833;yahoo SIVR × PTAX;108,187443;alpha vantage SIVR × PTAX;0,00%;histórico diário;
2024-02;SOL;CRIPTO;Altcoins;629,8;2024-02-29;629,8;BRL;;binance SOLBRL;626,301144;binance SOLUSDT × PTAX;0,56%;histórico diário;
2024-02;USD;FIAT;USD;4,9833;2024-02-29;4,9833;BRL;;ptax-bcb;4,9673;yahoo BRL=X;0,32%;competência;
2024-02;VOO;ETF;USD;2326,852269;2024-02-29;466,93;USD;4,9833;yahoo VOO × PTAX;2326,852269;alpha vantage VOO × PTAX;0,00%;histórico diário;
2024-02;VTI;ETF;USD;1258,681914;2024-02-29;252,58;USD;4,9833;yahoo VTI × PTAX;1258,681914;alpha vantage VTI × PTAX;0,00%;histórico diário;
2024-02;VXUS;ETF;USD;292,170879;2024-02-29;58,63;USD;4,9833;yahoo VXUS × PTAX;292,170879;alpha vantage VXUS × PTAX;0,00%;histórico diário;
2024-03;ARGT;ETF;USD;268,745598;2024-03-28;53,79;USD;4,9962;yahoo ARGT × PTAX;268,745598;alpha vantage ARGT × PTAX;0,00%;histórico diário;
2024-03;BTC;CRIPTO;BTC;360273;2024-03-31;360273;BRL;;binance BTCBRL;356129,185962;binance BTCUSDT × PTAX;1,16%;competência;
2024-03;ETH;CRIPTO;Altcoins;18424,66;2024-03-31;18424,66;BRL;;binance ETHBRL;18212,597898;binance ETHUSDT × PTAX;1,16%;histórico diário;
2024-03;GLDM;ETF;USD;220,08261;2024-03-28;44,05;USD;4,9962;yahoo GLDM × PTAX;220,08261;alpha vantage GLDM × PTAX;0,00%;histórico diário;
2024-03;IAUM;ETF;USD;110,765754;2024-03-28;22,17;USD;4,9962;yahoo IAUM × PTAX;110,765754;alpha vantage IAUM × PTAX;0,00%;histórico diário;
2024-03;SIVR;ETF;USD;118,959522;2024-03-28;23,81;USD;4,9962;yahoo SIVR × PTAX;118,959522;alpha vantage SIVR × PTAX;0,00%;histórico diário;
2024-03;SOL;CRIPTO;Altcoins;1024,1;2024-03-31;1024,1;BRL;;binance SOLBRL;1011,48069;binance SOLUSDT × PTAX;1,25%;histórico diário;
2024-03;USD;FIAT;USD;4,9962;2024-03-28;4,9962;BRL;;ptax-bcb;5,0141;yahoo BRL=X;-0,36%;competência;
2024-03;VOO;ETF;USD;2401,67334;2024-03-28;480,7;USD;4,9962;yahoo VOO × PTAX;2401,67334;alpha vantage VOO × PTAX;0,00%;histórico diário;
2024-03;VTI;ETF;USD;1298,51238;2024-03-28;259,9;USD;4,9962;yahoo VTI × PTAX;1298,51238;alpha vantage VTI × PTAX;0,00%;histórico diário;
2024-03;VXUS;ETF;USD;301,27086;2024-03-28;60,3;USD;4,9962;yahoo VXUS × PTAX;301,27086;alpha vantage VXUS × PTAX;0,00%;histórico diário;
2024-04;ARGT;ETF;USD;296,964756;2024-04-30;57,42;USD;5,1718;yahoo ARGT × PTAX;296,964756;alpha vantage ARGT × PTAX;0,00%;histórico diário;
2024-04;BTC;CRIPTO;BTC;317813;2024-04-30;317813;BRL;;binance BTCBRL;313783,4496;binance BTCUSDT × PTAX;1,28%;competência;
2024-04;ETH;CRIPTO;Altcoins;15781,25;2024-04-30;15781,25;BRL;;binance ETHBRL;15588,06379;binance ETHUSDT × PTAX;1,24%;histórico diário;
2024-04;GLDM;ETF;USD;234,79972;2024-04-30;45,4;USD;5,1718;yahoo GLDM × PTAX;234,79972;alpha vantage GLDM × PTAX;0,00%;histórico diário;
2024-04;IAUM;ETF;USD;118,17563;2024-04-30;22,85;USD;5,1718;yahoo IAUM × PTAX;118,17563;alpha vantage IAUM × PTAX;0,00%;histórico diário;
2024-04;SIVR;ETF;USD;130,174206;2024-04-30;25,17;USD;5,1718;yahoo SIVR × PTAX;130,174206;alpha vantage SIVR × PTAX;0,00%;histórico diário;
2024-04;SOL;CRIPTO;Altcoins;664;2024-04-30;664;BRL;;binance SOLBRL;655,629086;binance SOLUSDT × PTAX;1,28%;histórico diário;
2024-04;USD;FIAT;USD;5,1718;2024-04-30;5,1718;BRL;;ptax-bcb;5,117;yahoo BRL=X;1,07%;competência;
2024-04;VOO;ETF;USD;2386,423674;2024-04-30;461,43;USD;5,1718;yahoo VOO × PTAX;2386,423674;alpha vantage VOO × PTAX;0,00%;histórico diário;
2024-04;VTI;ETF;USD;1285,761198;2024-04-30;248,61;USD;5,1718;yahoo VTI × PTAX;1285,761198;alpha vantage VTI × PTAX;0,00%;histórico diário;
2024-04;VXUS;ETF;USD;304,61902;2024-04-30;58,9;USD;5,1718;yahoo VXUS × PTAX;304,61902;alpha vantage VXUS × PTAX;0,00%;histórico diário;
2024-05;ARGT;ETF;USD;328,962816;2024-05-31;62,76;USD;5,2416;yahoo ARGT × PTAX;328,962816;alpha vantage ARGT × PTAX;0,00%;histórico diário;
2024-05;BTC;CRIPTO;BTC;356004;2024-05-31;356004;BRL;;binance BTCBRL;354017,716416;binance BTCUSDT × PTAX;0,56%;competência;
2024-05;ETH;CRIPTO;Altcoins;19827,05;2024-05-31;19827,05;BRL;;binance ETHBRL;19720,419264;binance ETHUSDT × PTAX;0,54%;histórico diário;
2024-05;GLDM;ETF;USD;241,795008;2024-05-31;46,13;USD;5,2416;yahoo GLDM × PTAX;241,795008;alpha vantage GLDM × PTAX;0,00%;histórico diário;
2024-05;IAUM;ETF;USD;121,762368;2024-05-31;23,23;USD;5,2416;yahoo IAUM × PTAX;121,762368;alpha vantage IAUM × PTAX;0,00%;histórico diário;
2024-05;SIVR;ETF;USD;152,320896;2024-05-31;29,06;USD;5,2416;yahoo SIVR × PTAX;152,320896;alpha vantage SIVR × PTAX;0,00%;histórico diário;
2024-05;SOL;CRIPTO;Altcoins;872,9;2024-05-31;872,9;BRL;;binance SOLBRL;868,27104;binance SOLUSDT × PTAX;0,53%;histórico diário;
2024-05;USD;FIAT;USD;5,2416;2024-05-31;5,2416;BRL;;ptax-bcb;5,2021;yahoo BRL=X;0,76%;competência;
2024-05;VOO;ETF;USD;2540,184192;2024-05-31;484,62;USD;5,2416;yahoo VOO × PTAX;2540,184192;alpha vantage VOO × PTAX;0,00%;histórico diário;
2024-05;VTI;ETF;USD;1365,122304;2024-05-31;260,44;USD;5,2416;yahoo VTI × PTAX;1365,122304;alpha vantage VTI × PTAX;0,00%;histórico diário;
2024-05;VXUS;ETF;USD;321,152832;2024-05-31;61,27;USD;5,2416;yahoo VXUS × PTAX;321,152832;alpha vantage VXUS × PTAX;0,00%;histórico diário;
2024-06;ARGT;ETF;USD;315,801109;2024-06-28;56,81;USD;5,5589;yahoo ARGT × PTAX;315,801109;alpha vantage ARGT × PTAX;0,00%;histórico diário;
2024-06;BTC;CRIPTO;BTC;352059;2024-06-30;352059;BRL;;binance BTCBRL;348943,326389;binance BTCUSDT × PTAX;0,89%;competência;
2024-06;ETH;CRIPTO;Altcoins;19282,13;2024-06-30;19282,13;BRL;;binance ETHBRL;19112,387624;binance ETHUSDT × PTAX;0,89%;competência;
2024-06;GLDM;ETF;USD;256,209701;2024-06-28;46,09;USD;5,5589;yahoo GLDM × PTAX;256,209701;alpha vantage GLDM × PTAX;0,00%;histórico diário;
2024-06;IAUM;ETF;USD;128,96648;2024-06-28;23,2;USD;5,5589;yahoo IAUM × PTAX;128,96648;alpha vantage IAUM × PTAX;0,00%;histórico diário;
2024-06;SIVR;ETF;USD;154,759776;2024-06-28;27,84;USD;5,5589;yahoo SIVR × PTAX;154,759776;alpha vantage SIVR × PTAX;0,00%;histórico diário;
2024-06;SOL;CRIPTO;Altcoins;822,9;2024-06-30;822,9;BRL;;binance SOLBRL;814,990329;binance SOLUSDT × PTAX;0,97%;competência;
2024-06;USD;FIAT;USD;5,5589;2024-06-28;5,5589;BRL;;ptax-bcb;5,5005;yahoo BRL=X;1,06%;competência;
2024-06;VOO;ETF;USD;2780,172657;2024-06-28;500,13;USD;5,5589;yahoo VOO × PTAX;2780,172657;alpha vantage VOO × PTAX;0,00%;histórico diário;
2024-06;VTI;ETF;USD;1487,061339;2024-06-28;267,51;USD;5,5589;yahoo VTI × PTAX;1487,061339;alpha vantage VTI × PTAX;0,00%;histórico diário;
2024-06;VXUS;ETF;USD;335,20167;2024-06-28;60,3;USD;5,5589;yahoo VXUS × PTAX;335,20167;alpha vantage VXUS × PTAX;0,00%;histórico diário;
2024-07;ARGT;ETF;USD;324,098604;2024-07-31;57,24;USD;5,6621;yahoo ARGT × PTAX;324,098604;alpha vantage ARGT × PTAX;0,00%;histórico diário;
2024-07;BTC;CRIPTO;BTC;367966;2024-07-31;367966;BRL;;binance BTCBRL;365930,1988;binance BTCUSDT × PTAX;0,56%;competência;
2024-07;ETH;CRIPTO;Altcoins;18399,49;2024-07-31;18399,49;BRL;;binance ETHBRL;18304,097154;binance ETHUSDT × PTAX;0,52%;competência;
2024-07;GLDM;ETF;USD;275,008197;2024-07-31;48,57;USD;5,6621;yahoo GLDM × PTAX;275,008197;alpha vantage GLDM × PTAX;0,00%;histórico diário;
2024-07;IAUM;ETF;USD;138,381724;2024-07-31;24,44;USD;5,6621;yahoo IAUM × PTAX;138,381724;alpha vantage IAUM × PTAX;0,00%;histórico diário;
2024-07;SIVR;ETF;USD;156,613686;2024-07-31;27,66;USD;5,6621;yahoo SIVR × PTAX;156,613686;alpha vantage SIVR × PTAX;0,00%;histórico diário;
2024-07;SOL;CRIPTO;Altcoins;977;2024-07-31;977;BRL;;binance SOLBRL;972,239191;binance SOLUSDT × PTAX;0,49%;competência;
2024-07;USD;FIAT;USD;5,6621;2024-07-31;5,6621;BRL;;ptax-bcb;5,6111;yahoo BRL=X;0,91%;competência;
2024-07;VOO;ETF;USD;2864,626253;2024-07-31;505,93;USD;5,6621;yahoo VOO × PTAX;2864,626253;alpha vantage VOO × PTAX;0,00%;histórico diário;
2024-07;VTI;ETF;USD;1543,318597;2024-07-31;272,57;USD;5,6621;yahoo VTI × PTAX;1543,318597;alpha vantage VTI × PTAX;0,00%;histórico diário;
2024-07;VXUS;ETF;USD;350,370748;2024-07-31;61,88;USD;5,6621;yahoo VXUS × PTAX;350,370748;alpha vantage VXUS × PTAX;0,00%;histórico diário;
2024-08;ARGT;ETF;USD;368,727678;2024-08-30;65,19;USD;5,6562;yahoo ARGT × PTAX;368,727678;alpha vantage ARGT × PTAX;0,00%;histórico diário;
2024-08;BTC;CRIPTO;BTC;334005;2024-08-31;334005;BRL;;binance BTCBRL;333568,682238;binance BTCUSDT × PTAX;0,13%;competência;
2024-08;ETH;CRIPTO;Altcoins;14233,52;2024-08-31;14233,52;BRL;;binance ETHBRL;14214,087162;binance ETHUSDT × PTAX;0,14%;competência;
2024-08;GLDM;ETF;USD;280,490958;2024-08-30;49,59;USD;5,6562;yahoo GLDM × PTAX;280,490958;alpha vantage GLDM × PTAX;0,00%;histórico diário;
2024-08;IAUM;ETF;USD;141,178752;2024-08-30;24,96;USD;5,6562;yahoo IAUM × PTAX;141,178752;alpha vantage IAUM × PTAX;0,00%;histórico diário;
2024-08;SIVR;ETF;USD;156,11112;2024-08-30;27,6;USD;5,6562;yahoo SIVR × PTAX;156,11112;alpha vantage SIVR × PTAX;0,00%;histórico diário;
2024-08;SOL;CRIPTO;Altcoins;766,7;2024-08-31;766,7;BRL;;binance SOLBRL;765,56667;binance SOLUSDT × PTAX;0,15%;competência;
2024-08;USD;FIAT;USD;5,6562;2024-08-30;5,6562;BRL;;ptax-bcb;5,6277;yahoo BRL=X;0,51%;competência;
2024-08;VOO;ETF;USD;2930,137848;2024-08-30;518,04;USD;5,6562;yahoo VOO × PTAX;2930,137848;alpha vantage VOO × PTAX;0,00%;histórico diário;
2024-08;VTI;ETF;USD;1574,572956;2024-08-30;278,38;USD;5,6562;yahoo VTI × PTAX;1574,572956;alpha vantage VTI × PTAX;0,00%;histórico diário;
2024-08;VXUS;ETF;USD;358,433394;2024-08-30;63,37;USD;5,6562;yahoo VXUS × PTAX;358,433394;alpha vantage VXUS × PTAX;0,00%;histórico diário;
2024-09;ARGT;ETF;USD;361,20903;2024-09-30;66,3;USD;5,4481;yahoo ARGT × PTAX;361,20903;alpha vantage ARGT × PTAX;0,00%;histórico diário;
2024-09;BTC;CRIPTO;BTC;345428;2024-09-30;345428;BRL;;binance BTCBRL;345015,043079;binance BTCUSDT × PTAX;0,12%;competência;
2024-09;ETH;CRIPTO;Altcoins;14199,16;2024-09-30;14199,16;BRL;;binance ETHBRL;14177,209263;binance ETHUSDT × PTAX;0,15%;competência;
2024-09;GLDM;ETF;USD;284,009453;2024-09-30;52,13;USD;5,4481;yahoo GLDM × PTAX;284,009453;alpha vantage GLDM × PTAX;0,00%;histórico diário;
2024-09;IAUM;ETF;USD;143,012625;2024-09-30;26,25;USD;5,4481;yahoo IAUM × PTAX;143,012625;alpha vantage IAUM × PTAX;0,00%;histórico diário;
2024-09;SIVR;ETF;USD;162,080975;2024-09-30;29,75;USD;5,4481;yahoo SIVR × PTAX;162,080975;alpha vantage SIVR × PTAX;0,00%;histórico diário;
2024-09;SOL;CRIPTO;Altcoins;832,8;2024-09-30;832,8;BRL;;binance SOLBRL;830,780769;binance SOLUSDT × PTAX;0,24%;competência;
2024-09;USD;FIAT;USD;5,4481;2024-09-30;5,4481;BRL;;ptax-bcb;5,4332;yahoo BRL=X;0,27%;competência;
2024-09;VOO;ETF;USD;2874,798927;2024-09-30;527,67;USD;5,4481;yahoo VOO × PTAX;2874,798927;alpha vantage VOO × PTAX;0,00%;competência;
2024-09;VTI;ETF;USD;1542,683996;2024-09-30;283,16;USD;5,4481;yahoo VTI × PTAX;1542,683996;alpha vantage VTI × PTAX;0,00%;histórico diário;
2024-09;VXUS;ETF;USD;352,709994;2024-09-30;64,74;USD;5,4481;yahoo VXUS × PTAX;352,709994;alpha vantage VXUS × PTAX;0,00%;histórico diário;
2024-10;ARGT;ETF;USD;421,266689;2024-10-31;72,91;USD;5,7779;yahoo ARGT × PTAX;421,266689;alpha vantage ARGT × PTAX;0,00%;histórico diário;
2024-10;BTC;CRIPTO;BTC;409552;2024-10-31;409552;BRL;;binance BTCBRL;406140,204579;binance BTCUSDT × PTAX;0,84%;competência;
2024-10;ETH;CRIPTO;Altcoins;14675,92;2024-10-31;14675,92;BRL;;binance ETHBRL;14552,276719;binance ETHUSDT × PTAX;0,85%;competência;
2024-10;GLDM;ETF;USD;314,259981;2024-10-31;54,39;USD;5,7779;yahoo GLDM × PTAX;314,259981;alpha vantage GLDM × PTAX;0,00%;histórico diário;
2024-10;IAUM;ETF;USD;158,31446;2024-10-31;27,4;USD;5,7779;yahoo IAUM × PTAX;158,31446;alpha vantage IAUM × PTAX;0,00%;histórico diário;
2024-10;SIVR;ETF;USD;180,386038;2024-10-31;31,22;USD;5,7779;yahoo SIVR × PTAX;180,386038;alpha vantage SIVR × PTAX;0,00%;histórico diário;
2024-10;SOL;CRIPTO;Altcoins;982,6;2024-10-31;982,6;BRL;;binance SOLBRL;974,673951;binance SOLUSDT × PTAX;0,81%;competência;
2024-10;USD;FIAT;USD;5,7779;2024-10-31;5,7779;BRL;;ptax-bcb;5,7623;yahoo BRL=X;0,27%;competência;
2024-10;VOO;ETF;USD;3019,934993;2024-10-31;522,67;USD;5,7779;yahoo VOO × PTAX;3019,934993;alpha vantage VOO × PTAX;0,00%;competência;
2024-10;VTI;ETF;USD;1623,763237;2024-10-31;281,03;USD;5,7779;yahoo VTI × PTAX;1623,763237;alpha vantage VTI × PTAX;0,00%;histórico diário;
2024-10;VXUS;ETF;USD;357,363115;2024-10-31;61,85;USD;5,7779;yahoo VXUS × PTAX;357,363115;alpha vantage VXUS × PTAX;0,00%;histórico diário;
2024-11;ARGT;ETF;USD;505,58832;2024-11-29;83,52;USD;6,0535;yahoo ARGT × PTAX;505,58832;alpha vantage ARGT × PTAX;0,00%;histórico diário;
2024-11;BTC;CRIPTO;BTC;580925;2024-11-30;580925;BRL;;binance BTCBRL;583605,767465;binance BTCUSDT × PTAX;-0,46%;competência;
2024-11;ETH;CRIPTO;Altcoins;22314,61;2024-11-30;22314,61;BRL;;binance ETHBRL;22419,7426;binance ETHUSDT × PTAX;-0,47%;histórico diário;
2024-11;GLDM;ETF;USD;319,01945;2024-11-29;52,7;USD;6,0535;yahoo GLDM × PTAX;319,01945;alpha vantage GLDM × PTAX;0,00%;histórico diário;
2024-11;IAUM;ETF;USD;160,720425;2024-11-29;26,55;USD;6,0535;yahoo IAUM × PTAX;160,720425;alpha vantage IAUM × PTAX;0,00%;histórico diário;
2024-11;SIVR;ETF;USD;177,12541;2024-11-29;29,26;USD;6,0535;yahoo SIVR × PTAX;177,12541;alpha vantage SIVR × PTAX;0,00%;histórico diário;
2024-11;SOL;CRIPTO;Altcoins;1431,8;2024-11-30;1431,8;BRL;;binance SOLBRL;1438,3116;binance SOLUSDT × PTAX;-0,45%;competência;
2024-11;USD;FIAT;USD;6,0535;2024-11-29;6,0535;BRL;;ptax-bcb;6,0139;yahoo BRL=X;0,66%;competência;
2024-11;VOO;ETF;USD;3350,309575;2024-11-29;553,45;USD;6,0535;yahoo VOO × PTAX;3350,309575;alpha vantage VOO × PTAX;0,00%;competência;
2024-11;VTI;ETF;USD;1815,20251;2024-11-29;299,86;USD;6,0535;yahoo VTI × PTAX;1815,20251;alpha vantage VTI × PTAX;0,00%;histórico diário;
2024-11;VXUS;ETF;USD;373,561485;2024-11-29;61,71;USD;6,0535;yahoo VXUS × PTAX;373,561485;alpha vantage VXUS × PTAX;0,00%;histórico diário;
2024-12;ARGT;ETF;USD;511,917441;2024-12-31;82,67;USD;6,1923;yahoo ARGT × PTAX;511,917441;alpha vantage ARGT × PTAX;0,00%;competência;
2024-12;BTC;CRIPTO;BTC;583222;2024-12-31;583222;BRL;;binance BTCBRL;579450,6648;binance BTCUSDT × PTAX;0,65%;competência;
2024-12;ETH;CRIPTO;Altcoins;20807,67;2024-12-31;20807,67;BRL;;binance ETHBRL;20668,535094;binance ETHUSDT × PTAX;0,67%;histórico diário;
2024-12;GLDM;ETF;USD;321,937677;2024-12-31;51,99;USD;6,1923;yahoo GLDM × PTAX;321,937677;alpha vantage GLDM × PTAX;0,00%;histórico diário;
2024-12;IAUM;ETF;USD;162,052491;2024-12-31;26,17;USD;6,1923;yahoo IAUM × PTAX;162,052491;alpha vantage IAUM × PTAX;0,00%;histórico diário;
2024-12;SIVR;ETF;USD;170,721711;2024-12-31;27,57;USD;6,1923;yahoo SIVR × PTAX;170,721711;alpha vantage SIVR × PTAX;0,00%;histórico diário;
2024-12;SOL;CRIPTO;Altcoins;1180;2024-12-31;1180;BRL;;binance SOLBRL;1172,264313;binance SOLUSDT × PTAX;0,66%;competência;
2024-12;USD;FIAT;USD;6,1923;2024-12-31;6,1923;BRL;;ptax-bcb;6,1779;yahoo BRL=X;0,23%;competência;
2024-12;VOO;ETF;USD;3336,473163;2024-12-31;538,81;USD;6,1923;yahoo VOO × PTAX;3336,473163;alpha vantage VOO × PTAX;0,00%;competência;
2024-12;VTI;ETF;USD;1794,590463;2024-12-31;289,81;USD;6,1923;yahoo VTI × PTAX;1794,590463;alpha vantage VTI × PTAX;0,00%;competência;
2024-12;VXUS;ETF;USD;364,912239;2024-12-31;58,93;USD;6,1923;yahoo VXUS × PTAX;364,912239;alpha vantage VXUS × PTAX;0,00%;histórico diário;
2025-01;ARGT;ETF;USD;504,187048;2025-01-31;86,48;USD;5,8301;yahoo ARGT × PTAX;504,187048;alpha vantage ARGT × PTAX;0,00%;competência;
2025-01;BTC;CRIPTO;BTC;599359;2025-01-31;599359;BRL;;binance BTCBRL;597174,577756;binance BTCUSDT × PTAX;0,37%;competência;
2025-01;ETH;CRIPTO;Altcoins;19312,54;2025-01-31;19312,54;BRL;;binance ETHBRL;19245,101799;binance ETHUSDT × PTAX;0,35%;histórico diário;
2025-01;GLDM;ETF;USD;323,453948;2025-01-31;55,48;USD;5,8301;yahoo GLDM × PTAX;323,453948;alpha vantage GLDM × PTAX;0,00%;histórico diário;
2025-01;IAUM;ETF;USD;163,009596;2025-01-31;27,96;USD;5,8301;yahoo IAUM × PTAX;163,009596;alpha vantage IAUM × PTAX;0,00%;histórico diário;
2025-01;SIVR;ETF;USD;174,086786;2025-01-31;29,86;USD;5,8301;yahoo SIVR × PTAX;174,086786;alpha vantage SIVR × PTAX;0,00%;histórico diário;
2025-01;SOL;CRIPTO;Altcoins;1356,6;2025-01-31;1356,6;BRL;;binance SOLBRL;1351,242277;binance SOLUSDT × PTAX;0,40%;competência;
2025-01;USD;FIAT;USD;5,8301;2025-01-31;5,8301;BRL;;ptax-bcb;5,8745;yahoo BRL=X;-0,76%;competência;
2025-01;VOO;ETF;USD;3225,969233;2025-01-31;553,33;USD;5,8301;yahoo VOO × PTAX;3225,969233;alpha vantage VOO × PTAX;0,00%;competência;
2025-01;VTI;ETF;USD;1740,86786;2025-01-31;298,6;USD;5,8301;yahoo VTI × PTAX;1740,86786;alpha vantage VTI × PTAX;0,00%;competência;
2025-01;VXUS;ETF;USD;355,169692;2025-01-31;60,92;USD;5,8301;yahoo VXUS × PTAX;355,169692;alpha vantage VXUS × PTAX;0,00%;histórico diário;
2025-02;ARGT;ETF;USD;484,163664;2025-02-28;82,78;USD;5,8488;yahoo ARGT × PTAX;484,163664;alpha vantage ARGT × PTAX;0,00%;competência;
2025-02;BTC;CRIPTO;BTC;499672;2025-02-28;499672;BRL;;binance BTCBRL;493345,929072;binance BTCUSDT × PTAX;1,28%;competência;
2025-02;ETH;CRIPTO;Altcoins;13252,27;2025-02-28;13252,27;BRL;;binance ETHBRL;13087,216392;binance ETHUSDT × PTAX;1,26%;histórico diário;
2025-02;GLDM;ETF;USD;330,691152;2025-02-28;56,54;USD;5,8488;yahoo GLDM × PTAX;330,691152;alpha vantage GLDM × PTAX;0,00%;histórico diário;
2025-02;IAUM;ETF;USD;166,632312;2025-02-28;28,49;USD;5,8488;yahoo IAUM × PTAX;166,632312;alpha vantage IAUM × PTAX;0,00%;histórico diário;
2025-02;SIVR;ETF;USD;173,592384;2025-02-28;29,68;USD;5,8488;yahoo SIVR × PTAX;173,592384;alpha vantage SIVR × PTAX;0,00%;histórico diário;
2025-02;SOL;CRIPTO;Altcoins;877,5;2025-02-28;877,5;BRL;;binance SOLBRL;866,675184;binance SOLUSDT × PTAX;1,25%;competência;
2025-02;USD;FIAT;USD;5,8488;2025-02-28;5,8488;BRL;;ptax-bcb;5,839;yahoo BRL=X;0,17%;competência;
2025-02;VOO;ETF;USD;3195,374904;2025-02-28;546,33;USD;5,8488;yahoo VOO × PTAX;3195,374904;alpha vantage VOO × PTAX;0,00%;competência;
2025-02;VTI;ETF;USD;1713,464448;2025-02-28;292,96;USD;5,8488;yahoo VTI × PTAX;1713,464448;alpha vantage VTI × PTAX;0,00%;competência;
2025-02;VXUS;ETF;USD;362,91804;2025-02-28;62,05;USD;5,8488;yahoo VXUS × PTAX;362,91804;alpha vantage VXUS × PTAX;0,00%;histórico diário;
2025-03;ARGT;ETF;USD;463,797494;2025-03-31;80,77;USD;5,7422;yahoo ARGT × PTAX;463,797494;alpha vantage ARGT × PTAX;0,00%;competência;
2025-03;BTC;CRIPTO;BTC;472887;2025-03-31;472887;BRL;;binance BTCBRL;474018,667422;binance BTCUSDT × PTAX;-0,24%;competência;
2025-03;ETH;CRIPTO;Altcoins;10441,08;2025-03-31;10441,08;BRL;;binance ETHBRL;10464,757546;binance ETHUSDT × PTAX;-0,23%;histórico diário;
2025-03;GLDM;ETF;USD;355,384758;2025-03-31;61,89;USD;5,7422;yahoo GLDM × PTAX;355,384758;alpha vantage GLDM × PTAX;0,00%;histórico diário;
2025-03;IAUM;ETF;USD;178,984374;2025-03-31;31,17;USD;5,7422;yahoo IAUM × PTAX;178,984374;alpha vantage IAUM × PTAX;0,00%;histórico diário;
2025-03;SIVR;ETF;USD;186,678922;2025-03-31;32,51;USD;5,7422;yahoo SIVR × PTAX;186,678922;alpha vantage SIVR × PTAX;0,00%;histórico diário;
2025-03;SOL;CRIPTO;Altcoins;714;2025-03-31;714;BRL;;binance SOLBRL;715,133588;binance SOLUSDT × PTAX;-0,16%;competência;
2025-03;USD;FIAT;USD;5,7422;2025-03-31;5,7422;BRL;;ptax-bcb;5,7581;yahoo BRL=X;-0,28%;competência;
2025-03;VOO;ETF;USD;2950,974002;2025-03-31;513,91;USD;5,7422;yahoo VOO × PTAX;2950,974002;alpha vantage VOO × PTAX;0,00%;competência;
2025-03;VTI;ETF;USD;1578,186248;2025-03-31;274,84;USD;5,7422;yahoo VTI × PTAX;1578,186248;alpha vantage VTI × PTAX;0,00%;competência;
2025-03;VXUS;ETF;USD;356,59062;2025-03-31;62,1;USD;5,7422;yahoo VXUS × PTAX;356,59062;alpha vantage VXUS × PTAX;0,00%;histórico diário;
2025-04;ARGT;ETF;USD;485,13056;2025-04-30;85,7;USD;5,6608;yahoo ARGT × PTAX;485,13056;alpha vantage ARGT × PTAX;0,00%;competência;
2025-04;BTC;CRIPTO;BTC;536632;2025-04-30;536632;BRL;;binance BTCBRL;533088,8576;binance BTCUSDT × PTAX;0,66%;competência;
2025-04;ETH;CRIPTO;Altcoins;10223,28;2025-04-30;10223,28;BRL;;binance ETHBRL;10153,267488;binance ETHUSDT × PTAX;0,69%;histórico diário;
2025-04;GLDM;ETF;USD;369,423808;2025-04-30;65,26;USD;5,6608;yahoo GLDM × PTAX;369,423808;alpha vantage GLDM × PTAX;0,00%;histórico diário;
2025-04;IAUM;ETF;USD;186,013888;2025-04-30;32,86;USD;5,6608;yahoo IAUM × PTAX;186,013888;alpha vantage IAUM × PTAX;0,00%;histórico diário;
2025-04;SIVR;ETF;USD;175,76784;2025-04-30;31,05;USD;5,6608;yahoo SIVR × PTAX;175,76784;alpha vantage SIVR × PTAX;0,00%;histórico diário;
2025-04;SOL;CRIPTO;Altcoins;840,9;2025-04-30;840,9;BRL;;binance SOLBRL;835,194432;binance SOLUSDT × PTAX;0,68%;competência;
2025-04;USD;FIAT;USD;5,6608;2025-04-30;5,6608;BRL;;ptax-bcb;5,62;yahoo BRL=X;0,73%;competência;
2025-04;VOO;ETF;USD;2885,536192;2025-04-30;509,74;USD;5,6608;yahoo VOO × PTAX;2885,536192;alpha vantage VOO × PTAX;0,00%;competência;
2025-04;VTI;ETF;USD;1544,379456;2025-04-30;272,82;USD;5,6608;yahoo VTI × PTAX;1544,379456;alpha vantage VTI × PTAX;0,00%;competência;
2025-04;VXUS;ETF;USD;361,498688;2025-04-30;63,86;USD;5,6608;yahoo VXUS × PTAX;361,498688;alpha vantage VXUS × PTAX;0,00%;histórico diário;
2025-05;ARGT;ETF;USD;515,096001;2025-05-30;90,23;USD;5,7087;yahoo ARGT × PTAX;515,096001;alpha vantage ARGT × PTAX;0,00%;competência;
2025-05;BTC;CRIPTO;BTC;603709;2025-05-31;603709;BRL;;binance BTCBRL;597083,665356;binance BTCUSDT × PTAX;1,11%;competência;
2025-05;ETH;CRIPTO;Altcoins;14589,09;2025-05-31;14589,09;BRL;;binance ETHBRL;14431,936122;binance ETHUSDT × PTAX;1,09%;histórico diário;
2025-05;GLDM;ETF;USD;372,435588;2025-05-30;65,24;USD;5,7087;yahoo GLDM × PTAX;372,435588;alpha vantage GLDM × PTAX;0,00%;histórico diário;
2025-05;IAUM;ETF;USD;187,473708;2025-05-30;32,84;USD;5,7087;yahoo IAUM × PTAX;187,473708;alpha vantage IAUM × PTAX;0,00%;histórico diário;
2025-05;SIVR;ETF;USD;179,538615;2025-05-30;31,45;USD;5,7087;yahoo SIVR × PTAX;179,538615;alpha vantage SIVR × PTAX;0,00%;histórico diário;
2025-05;SOL;CRIPTO;Altcoins;902,8;2025-05-31;902,8;BRL;;binance SOLBRL;893,126115;binance SOLUSDT × PTAX;1,08%;competência;
2025-05;USD;FIAT;USD;5,7087;2025-05-30;5,7087;BRL;;ptax-bcb;5,6651;yahoo BRL=X;0,77%;competência;
2025-05;VOO;ETF;USD;3092,745312;2025-05-30;541,76;USD;5,7087;yahoo VOO × PTAX;3092,745312;alpha vantage VOO × PTAX;0,00%;competência;
2025-05;VTI;ETF;USD;1654,837956;2025-05-30;289,88;USD;5,7087;yahoo VTI × PTAX;1654,837956;alpha vantage VTI × PTAX;0,00%;competência;
2025-05;VXUS;ETF;USD;382,140378;2025-05-30;66,94;USD;5,7087;yahoo VXUS × PTAX;382,140378;alpha vantage VXUS × PTAX;0,00%;histórico diário;
2025-06;ARGT;ETF;USD;462,380083;2025-06-30;84,73;USD;5,4571;yahoo ARGT × PTAX;462,380083;alpha vantage ARGT × PTAX;0,00%;competência;
2025-06;BTC;CRIPTO;BTC;585899;2025-06-30;585899;BRL;;binance BTCBRL;584709,16515;binance BTCUSDT × PTAX;0,20%;competência;
2025-06;ETH;CRIPTO;Altcoins;13595,27;2025-06-30;13595,27;BRL;;binance ETHBRL;13563,458337;binance ETHUSDT × PTAX;0,23%;histórico diário;
2025-06;GLDM;ETF;USD;357,549192;2025-06-30;65,52;USD;5,4571;yahoo GLDM × PTAX;357,549192;alpha vantage GLDM × PTAX;0,00%;histórico diário;
2025-06;IAUM;ETF;USD;180,029729;2025-06-30;32,99;USD;5,4571;yahoo IAUM × PTAX;180,029729;alpha vantage IAUM × PTAX;0,00%;histórico diário;
2025-06;SIVR;ETF;USD;187,778811;2025-06-30;34,41;USD;5,4571;yahoo SIVR × PTAX;187,778811;alpha vantage SIVR × PTAX;0,00%;histórico diário;
2025-06;SOL;CRIPTO;Altcoins;846,8;2025-06-30;846,8;BRL;;binance SOLBRL;844,813651;binance SOLUSDT × PTAX;0,24%;competência;
2025-06;USD;FIAT;USD;5,4571;2025-06-30;5,4571;BRL;;ptax-bcb;5,4784;yahoo BRL=X;-0,39%;competência;
2025-06;VOO;ETF;USD;3099,796513;2025-06-30;568,03;USD;5,4571;yahoo VOO × PTAX;3099,796513;alpha vantage VOO × PTAX;0,00%;competência;
2025-06;VTI;ETF;USD;1658,576403;2025-06-30;303,93;USD;5,4571;yahoo VTI × PTAX;1658,576403;alpha vantage VTI × PTAX;0,00%;competência;
2025-06;VXUS;ETF;USD;377,031039;2025-06-30;69,09;USD;5,4571;yahoo VXUS × PTAX;377,031039;alpha vantage VXUS × PTAX;0,00%;histórico diário;
2025-07;ARGT;ETF;USD;463,349691;2025-07-31;82,71;USD;5,6021;yahoo ARGT × PTAX;463,349691;alpha vantage ARGT × PTAX;0,00%;competência;
2025-07;BTC;CRIPTO;BTC;651405;2025-07-31;651405;BRL;;binance BTCBRL;648521,952568;binance BTCUSDT × PTAX;0,44%;competência;
2025-07;ETH;CRIPTO;Altcoins;20806,86;2025-07-31;20806,86;BRL;;binance ETHBRL;20718,750619;binance ETHUSDT × PTAX;0,43%;histórico diário;
2025-07;GLDM;ETF;USD;364,976815;2025-07-31;65,15;USD;5,6021;yahoo GLDM × PTAX;364,976815;alpha vantage GLDM × PTAX;0,00%;histórico diário;
2025-07;IAUM;ETF;USD;183,804901;2025-07-31;32,81;USD;5,6021;yahoo IAUM × PTAX;183,804901;alpha vantage IAUM × PTAX;0,00%;histórico diário;
2025-07;SIVR;ETF;USD;195,849416;2025-07-31;34,96;USD;5,6021;yahoo SIVR × PTAX;195,849416;alpha vantage SIVR × PTAX;0,00%;histórico diário;
2025-07;SOL;CRIPTO;Altcoins;969,1;2025-07-31;969,1;BRL;;binance SOLBRL;964,793662;binance SOLUSDT × PTAX;0,45%;competência;
2025-07;USD;FIAT;USD;5,6021;2025-07-31;5,6021;BRL;;ptax-bcb;5,5754;yahoo BRL=X;0,48%;competência;
2025-07;VOO;ETF;USD;3254,932142;2025-07-31;581,02;USD;5,6021;yahoo VOO × PTAX;3254,932142;alpha vantage VOO × PTAX;0,00%;competência;
2025-07;VTI;ETF;USD;1741,636869;2025-07-31;310,89;USD;5,6021;yahoo VTI × PTAX;1741,636869;alpha vantage VTI × PTAX;0,00%;competência;
2025-07;VXUS;ETF;USD;383,575787;2025-07-31;68,47;USD;5,6021;yahoo VXUS × PTAX;383,575787;alpha vantage VXUS × PTAX;0,00%;histórico diário;
2025-08;ARGT;ETF;USD;434,92596;2025-08-29;80,15;USD;5,4264;yahoo ARGT × PTAX;434,92596;alpha vantage ARGT × PTAX;0,00%;competência;
2025-08;BTC;CRIPTO;BTC;591883;2025-08-31;591883;BRL;;binance BTCBRL;587387,99364;binance BTCUSDT × PTAX;0,77%;competência;
2025-08;ETH;CRIPTO;Altcoins;24008,85;2025-08-31;24008,85;BRL;;binance ETHBRL;23831,826312;binance ETHUSDT × PTAX;0,74%;histórico diário;
2025-08;GLDM;ETF;USD;371,16576;2025-08-29;68,4;USD;5,4264;yahoo GLDM × PTAX;371,16576;alpha vantage GLDM × PTAX;0,00%;histórico diário;
2025-08;IAUM;ETF;USD;186,885216;2025-08-29;34,44;USD;5,4264;yahoo IAUM × PTAX;186,885216;alpha vantage IAUM × PTAX;0,00%;histórico diário;
2025-08;SIVR;ETF;USD;205,93188;2025-08-29;37,95;USD;5,4264;yahoo SIVR × PTAX;205,93188;alpha vantage SIVR × PTAX;0,00%;histórico diário;
2025-08;SOL;CRIPTO;Altcoins;1097,9;2025-08-31;1097,9;BRL;;binance SOLBRL;1088,644368;binance SOLUSDT × PTAX;0,85%;competência;
2025-08;USD;FIAT;USD;5,4264;2025-08-29;5,4264;BRL;;ptax-bcb;5,413;yahoo BRL=X;0,25%;competência;
2025-08;VOO;ETF;USD;3218,289312;2025-08-29;593,08;USD;5,4264;yahoo VOO × PTAX;3218,289312;alpha vantage VOO × PTAX;0,00%;competência;
2025-08;VTI;ETF;USD;1726,68048;2025-08-29;318,2;USD;5,4264;yahoo VTI × PTAX;1726,68048;alpha vantage VTI × PTAX;0,00%;competência;
2025-08;VXUS;ETF;USD;387,282168;2025-08-29;71,37;USD;5,4264;yahoo VXUS × PTAX;387,282168;alpha vantage VXUS × PTAX;0,00%;histórico diário;
2025-09;ARGT;ETF;USD;371,025536;2025-09-30;69,76;USD;5,3186;yahoo ARGT × PTAX;371,025536;alpha vantage ARGT × PTAX;0,00%;competência;
2025-09;BTC;CRIPTO;BTC;607641;2025-09-30;607641;BRL;;binance BTCBRL;606580,639098;binance BTCUSDT × PTAX;0,17%;competência;
2025-09;ETH;CRIPTO;Altcoins;22088,01;2025-09-30;22088,01;BRL;;binance ETHBRL;22046,39479;binance ETHUSDT × PTAX;0,19%;histórico diário;
2025-09;GLDM;ETF;USD;406,60697;2025-09-30;76,45;USD;5,3186;yahoo GLDM × PTAX;406,60697;alpha vantage GLDM × PTAX;0,00%;competência;
2025-09;IAUM;ETF;USD;204,7661;2025-09-30;38,5;USD;5,3186;yahoo IAUM × PTAX;204,7661;alpha vantage IAUM × PTAX;0,00%;histórico diário;
2025-09;SIVR;ETF;USD;236,571328;2025-09-30;44,48;USD;5,3186;yahoo SIVR × PTAX;236,571328;alpha vantage SIVR × PTAX;0,00%;histórico diário;
2025-09;SOL;CRIPTO;Altcoins;1112,3;2025-09-30;1112,3;BRL;;binance SOLBRL;1109,885448;binance SOLUSDT × PTAX;0,22%;competência;
2025-09;USD;FIAT;USD;5,3186;2025-09-30;5,3186;BRL;;ptax-bcb;5,3217;yahoo BRL=X;-0,06%;competência;
2025-09;VOO;ETF;USD;3257,004268;2025-09-30;612,38;USD;5,3186;yahoo VOO × PTAX;3257,004268;alpha vantage VOO × PTAX;0,00%;competência;
2025-09;VTI;ETF;USD;1745,404962;2025-09-30;328,17;USD;5,3186;yahoo VTI × PTAX;1745,404962;alpha vantage VTI × PTAX;0,00%;histórico diário;
2025-09;VXUS;ETF;USD;390,704356;2025-09-30;73,46;USD;5,3186;yahoo VXUS × PTAX;390,704356;alpha vantage VXUS × PTAX;0,00%;histórico diário;
2025-10;ARGT;ETF;USD;508,224077;2025-10-31;94,39;USD;5,3843;yahoo ARGT × PTAX;508,224077;alpha vantage ARGT × PTAX;0,00%;competência;
2025-10;BTC;CRIPTO;BTC;590311;2025-10-31;590311;BRL;;binance BTCBRL;590162,408243;binance BTCUSDT × PTAX;0,03%;competência;
2025-10;ETH;CRIPTO;Altcoins;20725,4;2025-10-31;20725,4;BRL;;binance ETHBRL;20718,732557;binance ETHUSDT × PTAX;0,03%;histórico diário;
2025-10;GLDM;ETF;USD;426,382717;2025-10-31;79,19;USD;5,3843;yahoo GLDM × PTAX;426,382717;alpha vantage GLDM × PTAX;0,00%;competência;
2025-10;IAUM;ETF;USD;214,779727;2025-10-31;39,89;USD;5,3843;yahoo IAUM × PTAX;214,779727;alpha vantage IAUM × PTAX;0,00%;histórico diário;
2025-10;SIVR;ETF;USD;248,75466;2025-10-31;46,2;USD;5,3843;yahoo SIVR × PTAX;248,75466;alpha vantage SIVR × PTAX;0,00%;histórico diário;
2025-10;SOL;CRIPTO;Altcoins;1008,2;2025-10-31;1008,2;BRL;;binance SOLBRL;1007,994803;binance SOLUSDT × PTAX;0,02%;competência;
2025-10;USD;FIAT;USD;5,3843;2025-10-31;5,3843;BRL;;ptax-bcb;5,382;yahoo BRL=X;0,04%;competência;
2025-10;VOO;ETF;USD;3376,171472;2025-10-31;627,04;USD;5,3843;yahoo VOO × PTAX;3376,171472;alpha vantage VOO × PTAX;0,00%;competência;
2025-10;VTI;ETF;USD;1806,001906;2025-10-31;335,42;USD;5,3843;yahoo VTI × PTAX;1806,001906;alpha vantage VTI × PTAX;0,00%;histórico diário;
2025-10;VXUS;ETF;USD;401,830309;2025-10-31;74,63;USD;5,3843;yahoo VXUS × PTAX;401,830309;alpha vantage VXUS × PTAX;0,00%;histórico diário;
2025-11;ARGT;ETF;USD;497,003484;2025-11-28;93,18;USD;5,3338;yahoo ARGT × PTAX;497,003484;alpha vantage ARGT × PTAX;0,00%;competência;
2025-11;BTC;CRIPTO;BTC;485456;2025-11-30;485456;BRL;;binance BTCBRL;481962,168;binance BTCUSDT × PTAX;0,72%;competência;
2025-11;ETH;CRIPTO;Altcoins;16065,87;2025-11-30;16065,87;BRL;;binance ETHBRL;15954,782588;binance ETHUSDT × PTAX;0,70%;histórico diário;
2025-11;GLDM;ETF;USD;445,158948;2025-11-28;83,46;USD;5,3338;yahoo GLDM × PTAX;445,158948;alpha vantage GLDM × PTAX;0,00%;competência;
2025-11;IAUM;ETF;USD;224,179614;2025-11-28;42,03;USD;5,3338;yahoo IAUM × PTAX;224,179614;alpha vantage IAUM × PTAX;0,00%;histórico diário;
2025-11;SIVR;ETF;USD;286,478398;2025-11-28;53,71;USD;5,3338;yahoo SIVR × PTAX;286,478398;alpha vantage SIVR × PTAX;0,00%;histórico diário;
2025-11;SOL;CRIPTO;Altcoins;717,2;2025-11-30;717,2;BRL;;binance SOLBRL;711,955624;binance SOLUSDT × PTAX;0,74%;competência;
2025-11;USD;FIAT;USD;5,3338;2025-11-28;5,3338;BRL;;ptax-bcb;5,3554;yahoo BRL=X;-0,40%;competência;
2025-11;VOO;ETF;USD;3351,813258;2025-11-28;628,41;USD;5,3338;yahoo VOO × PTAX;3351,813258;alpha vantage VOO × PTAX;0,00%;competência;
2025-11;VTI;ETF;USD;1793,810278;2025-11-28;336,31;USD;5,3338;yahoo VTI × PTAX;1793,810278;alpha vantage VTI × PTAX;0,00%;histórico diário;
2025-11;VXUS;ETF;USD;399,714972;2025-11-28;74,94;USD;5,3338;yahoo VXUS × PTAX;399,714972;alpha vantage VXUS × PTAX;0,00%;histórico diário;
2025-12;ARGT;ETF;USD;502,974384;2025-12-31;91,41;USD;5,5024;yahoo ARGT × PTAX;502,974384;alpha vantage ARGT × PTAX;0,00%;competência;
2025-12;BTC;CRIPTO;BTC;481993;2025-12-31;481993;BRL;;binance BTCBRL;482275,565728;binance BTCUSDT × PTAX;-0,06%;competência;
2025-12;ETH;CRIPTO;Altcoins;16342,31;2025-12-31;16342,31;BRL;;binance ETHBRL;16351,151936;binance ETHUSDT × PTAX;-0,05%;histórico diário;
2025-12;GLDM;ETF;USD;469,739888;2025-12-31;85,37;USD;5,5024;yahoo GLDM × PTAX;469,739888;alpha vantage GLDM × PTAX;0,00%;competência;
2025-12;IAUM;ETF;USD;236,548176;2025-12-31;42,99;USD;5,5024;yahoo IAUM × PTAX;236,548176;alpha vantage IAUM × PTAX;0,00%;histórico diário;
2025-12;SIVR;ETF;USD;372,182336;2025-12-31;67,64;USD;5,5024;yahoo SIVR × PTAX;372,182336;alpha vantage SIVR × PTAX;0,00%;histórico diário;
2025-12;SOL;CRIPTO;Altcoins;685,5;2025-12-31;685,5;BRL;;binance SOLBRL;685,87416;binance SOLUSDT × PTAX;-0,05%;competência;
2025-12;USD;FIAT;USD;5,5024;2025-12-31;5,5024;BRL;;ptax-bcb;5,4762;yahoo BRL=X;0,48%;competência;
2025-12;VOO;ETF;USD;3450,720112;2025-12-31;627,13;USD;5,5024;yahoo VOO × PTAX;3450,720112;alpha vantage VOO × PTAX;0,00%;competência;
2025-12;VTI;ETF;USD;1844,789648;2025-12-31;335,27;USD;5,5024;yahoo VTI × PTAX;1844,789648;alpha vantage VTI × PTAX;0,00%;histórico diário;
2025-12;VXUS;ETF;USD;415,101056;2025-12-31;75,44;USD;5,5024;yahoo VXUS × PTAX;415,101056;alpha vantage VXUS × PTAX;0,00%;histórico diário;
2025-12;XLE;ETF;USD;246,012304;2025-12-31;44,71;USD;5,5024;yahoo XLE × PTAX;246,012304;alpha vantage XLE × PTAX;0,00%;histórico diário;
2026-01;ARGT;ETF;USD;513,59582;2026-01-30;98,2;USD;5,2301;yahoo ARGT × PTAX;513,59582;alpha vantage ARGT × PTAX;0,00%;competência;
2026-01;BTC;CRIPTO;BTC;415648;2026-01-31;415648;BRL;;binance BTCBRL;411823,774809;binance BTCUSDT × PTAX;0,93%;competência;
2026-01;ETH;CRIPTO;Altcoins;12939,79;2026-01-31;12939,79;BRL;;binance ETHBRL;12823,943695;binance ETHUSDT × PTAX;0,90%;histórico diário;
2026-01;GLDM;ETF;USD;502,141901;2026-01-30;96,01;USD;5,2301;yahoo GLDM × PTAX;502,141901;alpha vantage GLDM × PTAX;0,00%;competência;
2026-01;IAUM;ETF;USD;253,555248;2026-01-30;48,48;USD;5,2301;yahoo IAUM × PTAX;253,555248;alpha vantage IAUM × PTAX;0,00%;histórico diário;
2026-01;SIVR;ETF;USD;414,22392;2026-01-30;79,2;USD;5,2301;yahoo SIVR × PTAX;414,22392;alpha vantage SIVR × PTAX;0,00%;histórico diário;
2026-01;SOL;CRIPTO;Altcoins;557,6;2026-01-31;557,6;BRL;;binance SOLBRL;552,193958;binance SOLUSDT × PTAX;0,98%;competência;
2026-01;USD;FIAT;USD;5,2301;2026-01-30;5,2301;BRL;;ptax-bcb;5,1892;yahoo BRL=X;0,79%;competência;
2026-01;VOO;ETF;USD;3327,494222;2026-01-30;636,22;USD;5,2301;yahoo VOO × PTAX;3327,494222;alpha vantage VOO × PTAX;0,00%;competência;
2026-01;VTI;ETF;USD;1781,215157;2026-01-30;340,57;USD;5,2301;yahoo VTI × PTAX;1781,215157;alpha vantage VTI × PTAX;0,00%;histórico diário;
2026-01;VXUS;ETF;USD;416,629766;2026-01-30;79,66;USD;5,2301;yahoo VXUS × PTAX;416,629766;alpha vantage VXUS × PTAX;0,00%;histórico diário;
2026-01;XLE;ETF;USD;266,996605;2026-01-30;51,05;USD;5,2301;yahoo XLE × PTAX;266,996605;alpha vantage XLE × PTAX;0,00%;histórico diário;
2026-02;ARGT;ETF;USD;462,21912;2026-02-27;89,76;USD;5,1495;yahoo ARGT × PTAX;462,21912;alpha vantage ARGT × PTAX;0,00%;competência;
2026-02;BTC;CRIPTO;BTC;344745;2026-02-28;344745;BRL;;binance BTCBRL;344878,80237;binance BTCUSDT × PTAX;-0,04%;competência;
2026-02;ETH;CRIPTO;Altcoins;10114,08;2026-02-28;10114,08;BRL;;binance ETHBRL;10116,244245;binance ETHUSDT × PTAX;-0,02%;histórico diário;
2026-02;GLDM;ETF;USD;536,26893;2026-02-27;104,14;USD;5,1495;yahoo GLDM × PTAX;536,26893;alpha vantage GLDM × PTAX;0,00%;competência;
2026-02;IAUM;ETF;USD;270,194265;2026-02-27;52,47;USD;5,1495;yahoo IAUM × PTAX;270,194265;alpha vantage IAUM × PTAX;0,00%;competência;
2026-02;SIVR;ETF;USD;459,64437;2026-02-27;89,26;USD;5,1495;yahoo SIVR × PTAX;459,64437;alpha vantage SIVR × PTAX;0,00%;competência;
2026-02;SOL;CRIPTO;Altcoins;434,3;2026-02-28;434,3;BRL;;binance SOLBRL;434,360325;binance SOLUSDT × PTAX;-0,01%;competência;
2026-02;USD;FIAT;USD;5,1495;2026-02-27;5,1495;BRL;;ptax-bcb;5,1366;yahoo BRL=X;0,25%;competência;
2026-02;VOO;ETF;USD;3249,54048;2026-02-27;631,04;USD;5,1495;yahoo VOO × PTAX;3249,54048;alpha vantage VOO × PTAX;0,00%;competência;
2026-02;VTI;ETF;USD;1744,496115;2026-02-27;338,77;USD;5,1495;yahoo VTI × PTAX;1744,496115;alpha vantage VTI × PTAX;0,00%;histórico diário;
2026-02;VXUS;ETF;USD;431,579595;2026-02-27;83,81;USD;5,1495;yahoo VXUS × PTAX;431,579595;alpha vantage VXUS × PTAX;0,00%;histórico diário;
2026-02;XLE;ETF;USD;287,96004;2026-02-27;55,92;USD;5,1495;yahoo XLE × PTAX;287,96004;alpha vantage XLE × PTAX;0,00%;histórico diário;
2026-03;ARGT;ETF;USD;487,074408;2026-03-31;93,32;USD;5,2194;yahoo ARGT × PTAX;487,074408;alpha vantage ARGT × PTAX;0,00%;competência;
2026-03;BTC;CRIPTO;BTC;353729;2026-03-31;353729;BRL;;binance BTCBRL;356404,014912;binance BTCUSDT × PTAX;-0,75%;competência;
2026-03;ETH;CRIPTO;Altcoins;10907,28;2026-03-31;10907,28;BRL;;binance ETHBRL;10989,081342;binance ETHUSDT × PTAX;-0,74%;histórico diário;
2026-03;GLDM;ETF;USD;483,786186;2026-03-31;92,69;USD;5,2194;yahoo GLDM × PTAX;483,786186;alpha vantage GLDM × PTAX;0,00%;competência;
2026-03;IAUM;ETF;USD;243,74598;2026-03-31;46,7;USD;5,2194;yahoo IAUM × PTAX;243,74598;alpha vantage IAUM × PTAX;0,00%;competência;
2026-03;SIVR;ETF;USD;373,761234;2026-03-31;71,61;USD;5,2194;yahoo SIVR × PTAX;373,761234;alpha vantage SIVR × PTAX;0,00%;competência;
2026-03;SOL;CRIPTO;Altcoins;431,1;2026-03-31;431,1;BRL;;binance SOLBRL;434,25408;binance SOLUSDT × PTAX;-0,73%;competência;
2026-03;USD;FIAT;USD;5,2194;2026-03-31;5,2194;BRL;;ptax-bcb;5,264;yahoo BRL=X;-0,85%;competência;
2026-03;VOO;ETF;USD;3118,85247;2026-03-31;597,55;USD;5,2194;yahoo VOO × PTAX;3118,85247;alpha vantage VOO × PTAX;0,00%;competência;
2026-03;VTI;ETF;USD;1674,435714;2026-03-31;320,81;USD;5,2194;yahoo VTI × PTAX;1674,435714;alpha vantage VTI × PTAX;0,00%;histórico diário;
2026-03;VXUS;ETF;USD;402,467934;2026-03-31;77,11;USD;5,2194;yahoo VXUS × PTAX;402,467934;alpha vantage VXUS × PTAX;0,00%;histórico diário;
2026-03;XLE;ETF;USD;319,740444;2026-03-31;61,26;USD;5,2194;yahoo XLE × PTAX;319,740444;alpha vantage XLE × PTAX;0,00%;histórico diário;
2026-04;ARGT;ETF;USD;454,511346;2026-04-30;91,11;USD;4,9886;yahoo ARGT × PTAX;454,511346;alpha vantage ARGT × PTAX;0,00%;competência;
2026-04;BTC;CRIPTO;BTC;379121;2026-04-30;379121;BRL;;binance BTCBRL;380862,499102;binance BTCUSDT × PTAX;-0,46%;competência;
2026-04;ETH;CRIPTO;Altcoins;11208,92;2026-04-30;11208,92;BRL;;binance ETHBRL;11261,814386;binance ETHUSDT × PTAX;-0,47%;histórico diário;
2026-04;GLDM;ETF;USD;455,808382;2026-04-30;91,37;USD;4,9886;yahoo GLDM × PTAX;455,808382;alpha vantage GLDM × PTAX;0,00%;competência;
2026-04;IAUM;ETF;USD;229,375828;2026-04-30;45,98;USD;4,9886;yahoo IAUM × PTAX;229,375828;alpha vantage IAUM × PTAX;0,00%;competência;
2026-04;SIVR;ETF;USD;349,351658;2026-04-30;70,03;USD;4,9886;yahoo SIVR × PTAX;349,351658;alpha vantage SIVR × PTAX;0,00%;competência;
2026-04;SOL;CRIPTO;Altcoins;412,5;2026-04-30;412,5;BRL;;binance SOLBRL;414,502774;binance SOLUSDT × PTAX;-0,48%;competência;
2026-04;USD;FIAT;USD;4,9886;2026-04-30;4,9886;BRL;;ptax-bcb;5,0175;yahoo BRL=X;-0,58%;competência;
2026-04;VOO;ETF;USD;3295,369388;2026-04-30;660,58;USD;4,9886;yahoo VOO × PTAX;3295,369388;alpha vantage VOO × PTAX;0,00%;competência;
2026-04;VTI;ETF;USD;1766,862348;2026-04-30;354,18;USD;4,9886;yahoo VTI × PTAX;1766,862348;alpha vantage VTI × PTAX;0,00%;histórico diário;
2026-04;VXUS;ETF;USD;414,353116;2026-04-30;83,06;USD;4,9886;yahoo VXUS × PTAX;414,353116;alpha vantage VXUS × PTAX;0,00%;histórico diário;
2026-04;XLE;ETF;USD;297,56999;2026-04-30;59,65;USD;4,9886;yahoo XLE × PTAX;297,56999;alpha vantage XLE × PTAX;0,00%;competência;
2026-05;ARGT;ETF;USD;494,05913;2026-05-29;97,7;USD;5,0569;yahoo ARGT × PTAX;494,05913;alpha vantage ARGT × PTAX;0,00%;histórico diário;
2026-05;BTC;CRIPTO;BTC;372663;2026-05-31;372663;BRL;;binance BTCBRL;372564,022791;binance BTCUSDT × PTAX;0,03%;competência;
2026-05;ETH;CRIPTO;Altcoins;10148,72;2026-05-31;10148,72;BRL;;binance ETHBRL;10149,248869;binance ETHUSDT × PTAX;-0,01%;histórico diário;
2026-05;GLDM;ETF;USD;454,767017;2026-05-29;89,93;USD;5,0569;yahoo GLDM × PTAX;454,767017;alpha vantage GLDM × PTAX;0,00%;competência;
2026-05;IAUM;ETF;USD;229,027001;2026-05-29;45,29;USD;5,0569;yahoo IAUM × PTAX;229,027001;alpha vantage IAUM × PTAX;0,00%;competência;
2026-05;SIVR;ETF;USD;363,034851;2026-05-29;71,79;USD;5,0569;yahoo SIVR × PTAX;363,034851;alpha vantage SIVR × PTAX;0,00%;competência;
2026-05;SOL;CRIPTO;Altcoins;416,9;2026-05-31;416,9;BRL;;binance SOLBRL;416,890836;binance SOLUSDT × PTAX;0,00%;competência;
2026-05;USD;FIAT;USD;5,0569;2026-05-29;5,0569;BRL;;ptax-bcb;5,0517;yahoo BRL=X;0,10%;competência;
2026-05;VOO;ETF;USD;3517,023381;2026-05-29;695,49;USD;5,0569;yahoo VOO × PTAX;3517,023381;alpha vantage VOO × PTAX;0,00%;competência;
2026-05;VTI;ETF;USD;1883,897526;2026-05-29;372,54;USD;5,0569;yahoo VTI × PTAX;1883,897526;alpha vantage VTI × PTAX;0,00%;histórico diário;
2026-05;VXUS;ETF;USD;435,196814;2026-05-29;86,06;USD;5,0569;yahoo VXUS × PTAX;435,196814;alpha vantage VXUS × PTAX;0,00%;histórico diário;
2026-05;XLE;ETF;USD;284,652901;2026-05-29;56,29;USD;5,0569;yahoo XLE × PTAX;284,652901;alpha vantage XLE × PTAX;0,00%;competência;
2026-06;ARGT;ETF;USD;472,62358;2026-06-30;91,3;USD;5,1766;yahoo ARGT × PTAX;472,62358;alpha vantage ARGT × PTAX;0,00%;histórico diário;
2026-06;BTC;CRIPTO;BTC;307661;2026-06-30;307661;BRL;;binance BTCBRL;303476,673786;binance BTCUSDT × PTAX;1,38%;competência;
2026-06;ETH;CRIPTO;Altcoins;8251,04;2026-06-30;8251,04;BRL;;binance ETHBRL;8137,666966;binance ETHUSDT × PTAX;1,39%;histórico diário;
2026-06;GLDM;ETF;USD;411,125572;2026-06-30;79,42;USD;5,1766;yahoo GLDM × PTAX;411,125572;alpha vantage GLDM × PTAX;0,00%;competência;
2026-06;IAUM;ETF;USD;207,115766;2026-06-30;40,01;USD;5,1766;yahoo IAUM × PTAX;207,115766;alpha vantage IAUM × PTAX;0,00%;competência;
2026-06;SIVR;ETF;USD;291,028452;2026-06-30;56,22;USD;5,1766;yahoo SIVR × PTAX;291,028452;alpha vantage SIVR × PTAX;0,00%;competência;
2026-06;SOL;CRIPTO;Altcoins;386,6;2026-06-30;386,6;BRL;;binance SOLBRL;381,360122;binance SOLUSDT × PTAX;1,37%;competência;
2026-06;USD;FIAT;USD;5,1766;2026-06-30;5,1766;BRL;;ptax-bcb;5,1818;yahoo BRL=X;-0,10%;competência;
2026-06;VOO;ETF;USD;3555,340646;2026-06-30;686,81;USD;5,1766;yahoo VOO × PTAX;3555,340646;alpha vantage VOO × PTAX;0,00%;competência;
2026-06;VTI;ETF;USD;1915,549064;2026-06-30;370,04;USD;5,1766;yahoo VTI × PTAX;1915,549064;alpha vantage VTI × PTAX;0,00%;histórico diário;
2026-06;VXUS;ETF;USD;442,547534;2026-06-30;85,49;USD;5,1766;yahoo VXUS × PTAX;442,547534;alpha vantage VXUS × PTAX;0,00%;competência;
2026-06;XLE;ETF;USD;274,929226;2026-06-30;53,11;USD;5,1766;yahoo XLE × PTAX;274,929226;alpha vantage XLE × PTAX;0,00%;competência;
2026-07;ARGT;ETF;USD;483,105095;2026-07-31;95,15;USD;5,0773;yahoo ARGT × PTAX;483,105095;alpha vantage ARGT × PTAX;0,00%;histórico diário;
2026-07;BTC;CRIPTO;BTC;320953;2026-07-31;320953;BRL;;binance BTCBRL;319300,633124;binance BTCUSDT × PTAX;0,52%;competência;
2026-07;ETH;CRIPTO;Altcoins;9503,72;2026-07-31;9503,72;BRL;;binance ETHBRL;9456,97898;binance ETHUSDT × PTAX;0,49%;histórico diário;
2026-07;GLDM;ETF;USD;406,894822;2026-07-31;80,14;USD;5,0773;yahoo GLDM × PTAX;406,894822;alpha vantage GLDM × PTAX;0,00%;competência;
2026-07;GPCA11.SAO;ETF;BRL;25,5;2026-07-31;25,5;BRL;;yahoo GPCA11.SA;25,5;alpha vantage GPCA11.SAO;0,00%;competência;
2026-07;IAUM;ETF;USD;204,970601;2026-07-31;40,37;USD;5,0773;yahoo IAUM × PTAX;204,970601;alpha vantage IAUM × PTAX;0,00%;competência;
2026-07;SIVR;ETF;USD;279,505365;2026-07-31;55,05;USD;5,0773;yahoo SIVR × PTAX;279,505365;alpha vantage SIVR × PTAX;0,00%;competência;
2026-07;SOL;CRIPTO;Altcoins;371,8;2026-07-31;371,8;BRL;;binance SOLBRL;369,982851;binance SOLUSDT × PTAX;0,49%;competência;
2026-07;USD;FIAT;USD;5,0773;2026-07-31;5,0773;BRL;;ptax-bcb;5,0781;yahoo BRL=X;-0,02%;competência;
2026-07;VOO;ETF;USD;3486,328045;2026-07-31;686,65;USD;5,0773;yahoo VOO × PTAX;3486,328045;alpha vantage VOO × PTAX;0,00%;competência;
2026-07;VTI;ETF;USD;1869,512633;2026-07-31;368,21;USD;5,0773;yahoo VTI × PTAX;1869,512633;alpha vantage VTI × PTAX;0,00%;histórico diário;
2026-07;VXUS;ETF;USD;429,488807;2026-07-31;84,59;USD;5,0773;yahoo VXUS × PTAX;429,488807;alpha vantage VXUS × PTAX;0,00%;competência;
2026-07;XLE;ETF;USD;302,353215;2026-07-31;59,55;USD;5,0773;yahoo XLE × PTAX;302,353215;alpha vantage XLE × PTAX;0,00%;competência;
2026-08;ARGT;ETF;USD;489,92028;2026-08-31;94,55;USD;5,1816;yahoo ARGT × PTAX;489,92028;alpha vantage ARGT × PTAX;0,00%;histórico diário;
2026-08;BTC;CRIPTO;BTC;408710;2026-08-31;408710;BRL;;binance BTCBRL;407176,812264;binance BTCUSDT × PTAX;0,38%;competência;
2026-08;ETH;CRIPTO;Altcoins;12831,61;2026-08-31;12831,61;BRL;;binance ETHBRL;12786,37524;binance ETHUSDT × PTAX;0,35%;histórico diário;
2026-08;GLDM;ETF;USD;456,550776;2026-08-31;88,11;USD;5,1816;yahoo GLDM × PTAX;456,550776;alpha vantage GLDM × PTAX;0,00%;competência;
2026-08;GPCA11.SAO;ETF;BRL;25,86;2026-08-31;25,86;BRL;;yahoo GPCA11.SA;25,86;alpha vantage GPCA11.SAO;0,00%;competência;
2026-08;IAUM;ETF;USD;230,011224;2026-08-31;44,39;USD;5,1816;yahoo IAUM × PTAX;230,011224;alpha vantage IAUM × PTAX;0,00%;competência;
2026-08;SIVR;ETF;USD;327,7362;2026-08-31;63,25;USD;5,1816;yahoo SIVR × PTAX;327,7362;alpha vantage SIVR × PTAX;0,00%;competência;
2026-08;SOL;CRIPTO;Altcoins;535,9;2026-08-31;535,9;BRL;;binance SOLBRL;534,015696;binance SOLUSDT × PTAX;0,35%;competência;
2026-08;USD;FIAT;USD;5,1816;2026-08-31;5,1816;BRL;;ptax-bcb;5,1912;yahoo BRL=X;-0,18%;competência;
2026-08;VOO;ETF;USD;3652,458024;2026-08-31;704,89;USD;5,1816;yahoo VOO × PTAX;3652,458024;alpha vantage VOO × PTAX;0,00%;competência;
2026-08;VTI;ETF;USD;1959,42204;2026-08-31;378,15;USD;5,1816;yahoo VTI × PTAX;1959,42204;alpha vantage VTI × PTAX;0,00%;histórico diário;
2026-08;VXUS;ETF;USD;452,457312;2026-08-31;87,32;USD;5,1816;yahoo VXUS × PTAX;452,457312;alpha vantage VXUS × PTAX;0,00%;competência;
2026-08;XLE;ETF;USD;331,415136;2026-08-31;63,96;USD;5,1816;yahoo XLE × PTAX;331,415136;alpha vantage XLE × PTAX;0,00%;competência;
2026-09;ARGT;ETF;USD;446,489962;2026-09-30;86,18;USD;5,1809;yahoo ARGT × PTAX;446,489962;alpha vantage ARGT × PTAX;0,00%;histórico diário;
2026-09;BTC;CRIPTO;BTC;434201;2026-09-30;434201;BRL;;binance BTCBRL;433245,50924;binance BTCUSDT × PTAX;0,22%;competência;
2026-09;ETH;CRIPTO;Altcoins;13944,6;2026-09-30;13944,6;BRL;;binance ETHBRL;13915,949209;binance ETHUSDT × PTAX;0,21%;histórico diário;
2026-09;GLDM;ETF;USD;425,766362;2026-09-30;82,18;USD;5,1809;yahoo GLDM × PTAX;425,766362;alpha vantage GLDM × PTAX;0,00%;competência;
2026-09;GPCA11.SAO;ETF;BRL;26,37;2026-09-30;26,37;BRL;;yahoo GPCA11.SA;26,37;alpha vantage GPCA11.SAO;0,00%;competência;
2026-09;IAUM;ETF;USD;214,592878;2026-09-30;41,42;USD;5,1809;yahoo IAUM × PTAX;214,592878;alpha vantage IAUM × PTAX;0,00%;competência;
2026-09;SIVR;ETF;USD;296,917379;2026-09-30;57,31;USD;5,1809;yahoo SIVR × PTAX;296,917379;alpha vantage SIVR × PTAX;0,00%;competência;
2026-09;SOL;CRIPTO;Altcoins;613,3;2026-09-30;613,3;BRL;;binance SOLBRL;611,967908;binance SOLUSDT × PTAX;0,22%;competência;
2026-09;USD;FIAT;USD;5,1809;2026-09-30;5,1809;BRL;;ptax-bcb;5,2029;yahoo BRL=X;-0,42%;competência;
2026-09;VOO;ETF;USD;3631,085574;2026-09-30;700,86;USD;5,1809;yahoo VOO × PTAX;3631,085574;alpha vantage VOO × PTAX;0,00%;competência;
2026-09;VTI;ETF;USD;1938,900016;2026-09-30;374,24;USD;5,1809;yahoo VTI × PTAX;1938,900016;alpha vantage VTI × PTAX;0,00%;histórico diário;
2026-09;VXUS;ETF;USD;440,169264;2026-09-30;84,96;USD;5,1809;yahoo VXUS × PTAX;440,169264;alpha vantage VXUS × PTAX;0,00%;competência;
2026-09;XLE;ETF;USD;318,62535;2026-09-30;61,5;USD;5,1809;yahoo XLE × PTAX;318,62535;alpha vantage XLE × PTAX;0,00%;competência;
2026-10;BTC;CRIPTO;BTC;434201;2026-09-30;434201;BRL;;repetida de 2026-09;;;;competência;2026-09
2026-10;GLDM;ETF;USD;425,766362;2026-09-30;82,18;USD;5,1809;repetida de 2026-09;;;;competência;2026-09
2026-10;GPCA11.SAO;ETF;BRL;26,37;2026-09-30;26,37;BRL;;repetida de 2026-09;;;;competência;2026-09
2026-10;IAUM;ETF;USD;214,592878;2026-09-30;41,42;USD;5,1809;repetida de 2026-09;;;;competência;2026-09
2026-10;SIVR;ETF;USD;296,917379;2026-09-30;57,31;USD;5,1809;repetida de 2026-09;;;;competência;2026-09
2026-10;SOL;CRIPTO;Altcoins;613,3;2026-09-30;613,3;BRL;;repetida de 2026-09;;;;competência;2026-09
2026-10;USD;FIAT;USD;5,1809;2026-09-30;5,1809;BRL;;repetida de 2026-09;;;;competência;2026-09
2026-10;VOO;ETF;USD;3631,085574;2026-09-30;700,86;USD;5,1809;repetida de 2026-09;;;;competência;2026-09
2026-10;VXUS;ETF;USD;440,169264;2026-09-30;84,96;USD;5,1809;repetida de 2026-09;;;;competência;2026-09
2026-10;XLE;ETF;USD;318,62535;2026-09-30;61,5;USD;5,1809;repetida de 2026-09;;;;competência;2026-09
