competencia;status;origem;posicoes;total_brl;total_planilha;diferenca
2023-06;IMPORTED;planilha;6;67525,49;;
2023-07;IMPORTED;planilha;6;66718,19;69430,30;-3,9%
2023-08;IMPORTED;copiado de 2023-07;6;65576,61;;
2023-09;IMPORTED;copiado de 2023-08;6;67064,41;;
2023-10;IMPORTED;planilha;10;77412,45;77222,28;0,2%
2023-11;IMPORTED;copiado de 2023-10;10;79240,99;;
2023-12;IMPORTED;planilha;9;89418,32;89527,83;-0,1%
2024-01;IMPORTED;planilha;8;92772,92;93768,64;-1,1%
2024-02;IMPORTED;planilha;9;113256,54;103323,67;9,6%
2024-03;IMPORTED;planilha;6;122641,60;123350,26;-0,6%
2024-04;IMPORTED;planilha;5;119818,01;116054,30;3,2%
2024-05;IMPORTED;planilha;4;126624,76;126249,01;0,3%
2024-06;IMPORTED;planilha;7;133008,20;130895,10;1,6%
2024-07;IMPORTED;copiado de 2024-06;7;137589,69;;
2024-08;IMPORTED;planilha;7;131565,82;132404,23;-0,6%
2024-09;IMPORTED;planilha;9;134337,07;135544,40;-0,9%
2024-10;IMPORTED;planilha;9;156431,90;158942,86;-1,6%
2024-11;IMPORTED;planilha;8;209162,24;204408,56;2,3%
2024-12;IMPORTED;planilha;10;214195,29;214041,70;0,1%
2025-01;IMPORTED;planilha;10;215505,63;216045,47;-0,2%
2025-02;IMPORTED;copiado de 2025-01;10;184277,73;;
2025-03;IMPORTED;copiado de 2025-02;10;174522,59;;
2025-04;IMPORTED;copiado de 2025-03;10;192841,06;;
2025-05;IMPORTED;copiado de 2025-04;10;212900,32;;
2025-06;IMPORTED;copiado de 2025-05;10;206294,88;;
2025-07;IMPORTED;planilha;15;233073,18;230494,15;1,1%
2025-08;IMPORTED;planilha;15;220804,40;229132,78;-3,6%
2025-09;IMPORTED;planilha;14;234369,56;227733,11;2,9%
2025-10;IMPORTED;planilha;13;230595,66;231459,57;-0,4%
2025-11;IMPORTED;planilha;13;209325,50;232057,07;-9,8%
2025-12;IMPORTED;planilha;13;214826,61;214211,34;0,3%
2026-01;IMPORTED;planilha;13;199733,04;215929,94;-7,5%
2026-02;IMPORTED;planilha;14;185366,52;187954,69;-1,4%
2026-03;IMPORTED;planilha;14;194233,12;199651,29;-2,7%
2026-04;IMPORTED;planilha;16;208307,26;207017,15;0,6%
2026-05;IMPORTED;planilha;16;211522,84;219505,54;-3,6%
2026-06;IMPORTED;planilha;16;194120,50;197861,66;-1,9%
2026-07;IMPORTED;planilha;20;216191,64;217283,34;-0,5%
2026-08;IMPORTED;planilha;21;250177,38;223307,32;12,0%
2026-09;IMPORTED;planilha;21;264761,45;252196,92;5,0%
2026-10;DRAFT;copiado de 2026-09;21;264761,45;;
