competencia;instituicao;ativo_id;chave_ativo;classe;subclasse;resgate;peso
2023-06;Binance;busd;market:busd:USD;Caixa;Stablecoin;Curto;1
2023-06;Binance;usdt;market:usdt:USD;Caixa;Stablecoin;Curto;1
2023-06;C6;cdb-110;private:c6:cdb-110;Renda Fixa;Pós-fixado;Curto;1
2023-06;Inter;dolar;market:dolar-inter:USD;Caixa;Pós-fixado;Curto;1
2023-06;Ledger;bitcoin-01;market:bitcoin-01:BTC;Cripto;BTC;-;1
2023-06;PicPay;liquidez-diaria;private:picpay:liquidez-diaria;Caixa;Pós-fixado;Curto;1
2023-07;Binance;busd;market:busd:USD;Caixa;Stablecoin;Curto;1
2023-07;Binance;usdt;market:usdt:USD;Caixa;Stablecoin;Curto;1
2023-07;C6;cdb-110;private:c6:cdb-110;Renda Fixa;Pós-fixado;Curto;1
2023-07;Inter;dolar;market:dolar-inter:USD;Caixa;Pós-fixado;Curto;1
2023-07;Ledger;bitcoin-01;market:bitcoin-01:BTC;Cripto;BTC;-;1
2023-07;PicPay;liquidez-diaria;private:picpay:liquidez-diaria;Caixa;Pós-fixado;Curto;1
2023-08;Binance;busd;market:busd:USD;Caixa;Stablecoin;Curto;1
2023-08;Binance;usdt;market:usdt:USD;Caixa;Stablecoin;Curto;1
2023-08;C6;cdb-110;private:c6:cdb-110;Renda Fixa;Pós-fixado;Curto;1
2023-08;Inter;dolar;market:dolar-inter:USD;Caixa;Pós-fixado;Curto;1
2023-08;Ledger;bitcoin-01;market:bitcoin-01:BTC;Cripto;BTC;-;1
2023-08;PicPay;liquidez-diaria;private:picpay:liquidez-diaria;Caixa;Pós-fixado;Curto;1
2023-09;Binance;busd;market:busd:USD;Caixa;Stablecoin;Curto;1
2023-09;Binance;usdt;market:usdt:USD;Caixa;Stablecoin;Curto;1
2023-09;C6;cdb-110;private:c6:cdb-110;Renda Fixa;Pós-fixado;Curto;1
2023-09;Inter;dolar;market:dolar-inter:USD;Caixa;Pós-fixado;Curto;1
2023-09;Ledger;bitcoin-01;market:bitcoin-01:BTC;Cripto;BTC;-;1
2023-09;PicPay;liquidez-diaria;private:picpay:liquidez-diaria;Caixa;Pós-fixado;Curto;1
2023-10;Binance;bitcoin-02;market:bitcoin-02:BTC;Cripto;BTC;-;1
2023-10;Binance;busd;market:busd:USD;Caixa;Stablecoin;Curto;1
2023-10;Binance;usdt;market:usdt:USD;Caixa;Stablecoin;Curto;1
2023-10;C6;c6-cdb-cartao-100;private:c6:c6-cdb-cartao-100;Caixa;Pós-fixado;Curto;1
2023-10;C6;c6-cdb-diario-105;private:c6:c6-cdb-diario-105;Caixa;Pós-fixado;Curto;1
2023-10;C6;conta-bancaria-c6;private:c6:conta-bancaria;Caixa;Pós-fixado;Curto;1
2023-10;Inter;dolar;market:dolar-inter:USD;Caixa;Pós-fixado;Curto;1
2023-10;Inter;inter;private:inter:inter;Caixa;Pós-fixado;Curto;1
2023-10;Inter;lci-di-180;private:inter:lci-di-180;Renda Fixa;Pós-fixado;Médio;1
2023-10;Ledger;bitcoin-01;market:bitcoin-01:BTC;Cripto;BTC;-;1
2023-11;Binance;bitcoin-02;market:bitcoin-02:BTC;Cripto;BTC;-;1
2023-11;Binance;busd;market:busd:USD;Caixa;Stablecoin;Curto;1
2023-11;Binance;usdt;market:usdt:USD;Caixa;Stablecoin;Curto;1
2023-11;C6;c6-cdb-cartao-100;private:c6:c6-cdb-cartao-100;Caixa;Pós-fixado;Curto;1
2023-11;C6;c6-cdb-diario-105;private:c6:c6-cdb-diario-105;Caixa;Pós-fixado;Curto;1
2023-11;C6;conta-bancaria-c6;private:c6:conta-bancaria;Caixa;Pós-fixado;Curto;1
2023-11;Inter;dolar;market:dolar-inter:USD;Caixa;Pós-fixado;Curto;1
2023-11;Inter;inter;private:inter:inter;Caixa;Pós-fixado;Curto;1
2023-11;Inter;lci-di-180;private:inter:lci-di-180;Renda Fixa;Pós-fixado;Médio;1
2023-11;Ledger;bitcoin-01;market:bitcoin-01:BTC;Cripto;BTC;-;1
2023-12;Binance;bitcoin-02;market:bitcoin-02:BTC;Cripto;BTC;-;1
2023-12;Binance;busd;market:busd:USD;Caixa;Stablecoin;Curto;1
2023-12;Binance;usdt;market:usdt:USD;Caixa;Stablecoin;Curto;1
2023-12;C6;cdb-cartao-100;private:c6:cdb-cartao-100;Caixa;Pós-fixado;Curto;1
2023-12;C6;cdb-diario-105;private:c6:cdb-diario-105;Caixa;Pós-fixado;Curto;1
2023-12;C6;conta-bancaria-c6;private:c6:conta-bancaria;Caixa;Pós-fixado;Curto;1
2023-12;Inter;dolar;market:dolar-inter:USD;Caixa;Pós-fixado;Curto;1
2023-12;Inter;lci-di-180;private:inter:lci-di-180;Renda Fixa;Pós-fixado;Médio;1
2023-12;Ledger;bitcoin-01;market:bitcoin-01:BTC;Cripto;BTC;-;1
2024-01;Binance;bitcoin-02;market:bitcoin-02:BTC;Cripto;BTC;-;1
2024-01;Binance;busd;market:busd:USD;Caixa;Stablecoin;Curto;1
2024-01;Binance;usdt;market:usdt:USD;Caixa;Stablecoin;Curto;1
2024-01;C6;cdb-cartao-100;private:c6:cdb-cartao-100;Caixa;Pós-fixado;Curto;1
2024-01;C6;cdb-diario-105;private:c6:cdb-diario-105;Caixa;Pós-fixado;Curto;1
2024-01;C6;conta-bancaria-c6;private:c6:conta-bancaria;Caixa;Pós-fixado;Curto;1
2024-01;Inter;dolar;market:dolar-inter:USD;Caixa;Pós-fixado;Curto;1
2024-01;Ledger;bitcoin-01;market:bitcoin-01:BTC;Cripto;BTC;-;1
2024-02;Binance;bitcoin-02;market:bitcoin-02:BTC;Cripto;BTC;-;1
2024-02;Binance;bitcoin-03;market:bitcoin-03:BTC;Cripto;BTC;-;1
2024-02;Binance;usdc;market:usdc:USD;Caixa;Stablecoin;Curto;1
2024-02;C6;cdb-cartao-100;private:c6:cdb-cartao-100;Caixa;Pós-fixado;Curto;1
2024-02;C6;cdb-diario-105;private:c6:cdb-diario-105;Caixa;Pós-fixado;Curto;1
2024-02;C6;conta-bancaria-c6;private:c6:conta-bancaria;Caixa;Pós-fixado;Curto;1
2024-02;Ledger;bitcoin-01;market:bitcoin-01:BTC;Cripto;BTC;-;1
2024-02;XP;extra-xp;private:xp:extra-xp;Renda Fixa;Pós-fixado;Curto;1
2024-02;XP;lci-xp;private:xp:lci-xp;Renda Fixa;Pós-fixado;Curto;1
2024-03;Binance;usdc;market:usdc:USD;Caixa;Stablecoin;Curto;1
2024-03;C6;cdb-cartao-100;private:c6:cdb-cartao-100;Caixa;Pós-fixado;Curto;1
2024-03;C6;cdb-diario-105;private:c6:cdb-diario-105;Caixa;Pós-fixado;Curto;1
2024-03;C6;conta-bancaria-c6;private:c6:conta-bancaria;Caixa;Pós-fixado;Curto;1
2024-03;Ledger;bitcoin-01;market:bitcoin-01:BTC;Cripto;BTC;-;1
2024-03;XP;lci-xp;private:xp:lci-xp;Renda Fixa;Pós-fixado;Curto;1
2024-04;Binance;bitcoin-02;market:bitcoin-02:BTC;Cripto;BTC;-;1
2024-04;Binance;usdc;market:usdc:USD;Caixa;Stablecoin;Curto;1
2024-04;Itaú;cdb-itau-100;private:itau:cdb-itau-100;Caixa;Pós-fixado;Curto;1
2024-04;Itaú;conta-bancaria-itau;private:itau:conta-bancaria;Caixa;Pós-fixado;Curto;1
2024-04;Ledger;bitcoin-01;market:bitcoin-01:BTC;Cripto;BTC;-;1
2024-05;Binance;bitcoin-02;market:bitcoin-02:BTC;Cripto;BTC;-;1
2024-05;Binance;usdc;market:usdc:USD;Caixa;Stablecoin;Curto;1
2024-05;Itaú;cdb-itau-100;private:itau:cdb-itau-100;Caixa;Pós-fixado;Curto;1
2024-05;Ledger;bitcoin-01;market:bitcoin-01:BTC;Cripto;BTC;-;1
2024-06;Binance;bitcoin-02;market:bitcoin-02:BTC;Cripto;BTC;-;1
2024-06;Binance;ethereum;market:ethereum:ETH;Cripto;Altcoin;-;1
2024-06;Binance;solana;market:solana:SOL;Cripto;Altcoin;-;1
2024-06;Binance;usdc;market:usdc:USD;Caixa;Stablecoin;Curto;1
2024-06;Itaú;cdb-itau-100;private:itau:cdb-itau-100;Caixa;Pós-fixado;Curto;1
2024-06;Itaú;fundo-itau;private:itau:fundo-itau;Caixa;Pós-fixado;Curto;1
2024-06;Ledger;bitcoin-01;market:bitcoin-01:BTC;Cripto;BTC;-;1
2024-07;Binance;bitcoin-02;market:bitcoin-02:BTC;Cripto;BTC;-;1
2024-07;Binance;ethereum;market:ethereum:ETH;Cripto;Altcoin;-;1
2024-07;Binance;solana;market:solana:SOL;Cripto;Altcoin;-;1
2024-07;Binance;usdc;market:usdc:USD;Caixa;Stablecoin;Curto;1
2024-07;Itaú;cdb-itau-100;private:itau:cdb-itau-100;Caixa;Pós-fixado;Curto;1
2024-07;Itaú;fundo-itau;private:itau:fundo-itau;Caixa;Pós-fixado;Curto;1
2024-07;Ledger;bitcoin-01;market:bitcoin-01:BTC;Cripto;BTC;-;1
2024-08;Binance;bitcoin-02;market:bitcoin-02:BTC;Cripto;BTC;-;1
2024-08;Binance;ethereum;market:ethereum:ETH;Cripto;Altcoin;-;1
2024-08;Binance;solana;market:solana:SOL;Cripto;Altcoin;-;1
2024-08;Binance;usdc;market:usdc:USD;Caixa;Stablecoin;Curto;1
2024-08;Itaú;cdb-itau-100;private:itau:cdb-itau-100;Caixa;Pós-fixado;Curto;1
2024-08;Itaú;fundo-itau;private:itau:fundo-itau;Caixa;Pós-fixado;Curto;1
2024-08;Ledger;bitcoin-01;market:bitcoin-01:BTC;Cripto;BTC;-;1
2024-09;Binance;bitcoin-02;market:bitcoin-02:BTC;Cripto;BTC;-;1
2024-09;Binance;bitcoin-03-viagem;market:bitcoin-03-viagem:BTC;Cripto;BTC;-;1
2024-09;Binance;ethereum;market:ethereum:ETH;Cripto;Altcoin;-;1
2024-09;Binance;solana;market:solana:SOL;Cripto;Altcoin;-;1
2024-09;Binance;usdc;market:usdc:USD;Caixa;Stablecoin;Curto;1
2024-09;Inter;etf-voo;market:etf-voo:VOO;Renda Variável;Ações EUA;-;1
2024-09;Itaú;cdb-itau-100;private:itau:cdb-itau-100;Caixa;Pós-fixado;Curto;1
2024-09;Itaú;fundo-itau;private:itau:fundo-itau;Caixa;Pós-fixado;Curto;1
2024-09;Ledger;bitcoin-01;market:bitcoin-01:BTC;Cripto;BTC;-;1
2024-10;Binance;bitcoin-02;market:bitcoin-02:BTC;Cripto;BTC;-;1
2024-10;Binance;bitcoin-03-viagem;market:bitcoin-03-viagem:BTC;Cripto;BTC;-;1
2024-10;Binance;ethereum;market:ethereum:ETH;Cripto;Altcoin;-;1
2024-10;Binance;solana;market:solana:SOL;Cripto;Altcoin;-;1
2024-10;Binance;usdc;market:usdc:USD;Caixa;Stablecoin;Curto;1
2024-10;Inter;etf-voo;market:etf-voo:VOO;Renda Variável;Ações EUA;-;1
2024-10;Itaú;cdb-itau-100;private:itau:cdb-itau-100;Caixa;Pós-fixado;Curto;1
2024-10;Itaú;fundo-itau;private:itau:fundo-itau;Caixa;Pós-fixado;Curto;1
2024-10;Ledger;bitcoin-01;market:bitcoin-01:BTC;Cripto;BTC;-;1
2024-11;Binance;bitcoin-02;market:bitcoin-02:BTC;Cripto;BTC;-;1
2024-11;Binance;solana;market:solana:SOL;Cripto;Altcoin;-;1
2024-11;Binance;usdc;market:usdc:USD;Caixa;Stablecoin;Curto;1
2024-11;Binance;usdc-viagem;market:usdc-viagem:USD;Caixa;Stablecoin;Curto;1
2024-11;Inter;etf-voo;market:etf-voo:VOO;Renda Variável;Ações EUA;-;1
2024-11;Itaú;cdb-itau-100;private:itau:cdb-itau-100;Caixa;Pós-fixado;Curto;1
2024-11;Itaú;fundo-itau;private:itau:fundo-itau;Caixa;Pós-fixado;Curto;1
2024-11;Ledger;bitcoin-01;market:bitcoin-01:BTC;Cripto;BTC;-;1
2024-12;Binance;bitcoin-02;market:bitcoin-02:BTC;Cripto;BTC;-;1
2024-12;Binance;solana;market:solana:SOL;Cripto;Altcoin;-;1
2024-12;Binance;usdc;market:usdc:USD;Caixa;Stablecoin;Curto;1
2024-12;Binance;usdc-viagem;market:usdc-viagem:USD;Caixa;Stablecoin;Curto;1
2024-12;Inter;etf-argt;market:etf-argt:ARGT;Renda Variável;Ações - Ex: USA;-;1
2024-12;Inter;etf-voo;market:etf-voo:VOO;Renda Variável;Ações EUA;-;1
2024-12;Inter;etf-vti;market:etf-vti:VTI;Renda Variável;Ações EUA;-;1
2024-12;Itaú;cdb-itau-100;private:itau:cdb-itau-100;Caixa;Pós-fixado;Curto;1
2024-12;Itaú;fundo-itau;private:itau:fundo-itau;Caixa;Pós-fixado;Curto;1
2024-12;Ledger;bitcoin-01;market:bitcoin-01:BTC;Cripto;BTC;-;1
2025-01;Binance;bitcoin-02;market:bitcoin-02:BTC;Cripto;BTC;-;1
2025-01;Binance;solana;market:solana:SOL;Cripto;Altcoin;-;1
2025-01;Binance;usdc;market:usdc:USD;Caixa;Stablecoin;Curto;1
2025-01;Binance;usdc-viagem;market:usdc-viagem:USD;Caixa;Stablecoin;Curto;1
2025-01;Inter;etf-argt;market:etf-argt:ARGT;Renda Variável;Ações - Ex: USA;-;1
2025-01;Inter;etf-voo;market:etf-voo:VOO;Renda Variável;Ações EUA;-;1
2025-01;Inter;etf-vti;market:etf-vti:VTI;Renda Variável;Ações EUA;-;1
2025-01;Itaú;cdb-itau-100;private:itau:cdb-itau-100;Caixa;Pós-fixado;Curto;1
2025-01;Ledger;bitcoin-01;market:bitcoin-01:BTC;Cripto;BTC;-;1
2025-01;XP;lci-xp-2025;private:xp:lci-xp-2025;Caixa;Pós-fixado;Curto;1
2025-02;Binance;bitcoin-02;market:bitcoin-02:BTC;Cripto;BTC;-;1
2025-02;Binance;solana;market:solana:SOL;Cripto;Altcoin;-;1
2025-02;Binance;usdc;market:usdc:USD;Caixa;Stablecoin;Curto;1
2025-02;Binance;usdc-viagem;market:usdc-viagem:USD;Caixa;Stablecoin;Curto;1
2025-02;Inter;etf-argt;market:etf-argt:ARGT;Renda Variável;Ações - Ex: USA;-;1
2025-02;Inter;etf-voo;market:etf-voo:VOO;Renda Variável;Ações EUA;-;1
2025-02;Inter;etf-vti;market:etf-vti:VTI;Renda Variável;Ações EUA;-;1
2025-02;Itaú;cdb-itau-100;private:itau:cdb-itau-100;Caixa;Pós-fixado;Curto;1
2025-02;Ledger;bitcoin-01;market:bitcoin-01:BTC;Cripto;BTC;-;1
2025-02;XP;lci-xp-2025;private:xp:lci-xp-2025;Caixa;Pós-fixado;Curto;1
2025-03;Binance;bitcoin-02;market:bitcoin-02:BTC;Cripto;BTC;-;1
2025-03;Binance;solana;market:solana:SOL;Cripto;Altcoin;-;1
2025-03;Binance;usdc;market:usdc:USD;Caixa;Stablecoin;Curto;1
2025-03;Binance;usdc-viagem;market:usdc-viagem:USD;Caixa;Stablecoin;Curto;1
2025-03;Inter;etf-argt;market:etf-argt:ARGT;Renda Variável;Ações - Ex: USA;-;1
2025-03;Inter;etf-voo;market:etf-voo:VOO;Renda Variável;Ações EUA;-;1
2025-03;Inter;etf-vti;market:etf-vti:VTI;Renda Variável;Ações EUA;-;1
2025-03;Itaú;cdb-itau-100;private:itau:cdb-itau-100;Caixa;Pós-fixado;Curto;1
2025-03;Ledger;bitcoin-01;market:bitcoin-01:BTC;Cripto;BTC;-;1
2025-03;XP;lci-xp-2025;private:xp:lci-xp-2025;Caixa;Pós-fixado;Curto;1
2025-04;Binance;bitcoin-02;market:bitcoin-02:BTC;Cripto;BTC;-;1
2025-04;Binance;solana;market:solana:SOL;Cripto;Altcoin;-;1
2025-04;Binance;usdc;market:usdc:USD;Caixa;Stablecoin;Curto;1
2025-04;Binance;usdc-viagem;market:usdc-viagem:USD;Caixa;Stablecoin;Curto;1
2025-04;Inter;etf-argt;market:etf-argt:ARGT;Renda Variável;Ações - Ex: USA;-;1
2025-04;Inter;etf-voo;market:etf-voo:VOO;Renda Variável;Ações EUA;-;1
2025-04;Inter;etf-vti;market:etf-vti:VTI;Renda Variável;Ações EUA;-;1
2025-04;Itaú;cdb-itau-100;private:itau:cdb-itau-100;Caixa;Pós-fixado;Curto;1
2025-04;Ledger;bitcoin-01;market:bitcoin-01:BTC;Cripto;BTC;-;1
2025-04;XP;lci-xp-2025;private:xp:lci-xp-2025;Caixa;Pós-fixado;Curto;1
2025-05;Binance;bitcoin-02;market:bitcoin-02:BTC;Cripto;BTC;-;1
2025-05;Binance;solana;market:solana:SOL;Cripto;Altcoin;-;1
2025-05;Binance;usdc;market:usdc:USD;Caixa;Stablecoin;Curto;1
2025-05;Binance;usdc-viagem;market:usdc-viagem:USD;Caixa;Stablecoin;Curto;1
2025-05;Inter;etf-argt;market:etf-argt:ARGT;Renda Variável;Ações - Ex: USA;-;1
2025-05;Inter;etf-voo;market:etf-voo:VOO;Renda Variável;Ações EUA;-;1
2025-05;Inter;etf-vti;market:etf-vti:VTI;Renda Variável;Ações EUA;-;1
2025-05;Itaú;cdb-itau-100;private:itau:cdb-itau-100;Caixa;Pós-fixado;Curto;1
2025-05;Ledger;bitcoin-01;market:bitcoin-01:BTC;Cripto;BTC;-;1
2025-05;XP;lci-xp-2025;private:xp:lci-xp-2025;Caixa;Pós-fixado;Curto;1
2025-06;Binance;bitcoin-02;market:bitcoin-02:BTC;Cripto;BTC;-;1
2025-06;Binance;solana;market:solana:SOL;Cripto;Altcoin;-;1
2025-06;Binance;usdc;market:usdc:USD;Caixa;Stablecoin;Curto;1
2025-06;Binance;usdc-viagem;market:usdc-viagem:USD;Caixa;Stablecoin;Curto;1
2025-06;Inter;etf-argt;market:etf-argt:ARGT;Renda Variável;Ações - Ex: USA;-;1
2025-06;Inter;etf-voo;market:etf-voo:VOO;Renda Variável;Ações EUA;-;1
2025-06;Inter;etf-vti;market:etf-vti:VTI;Renda Variável;Ações EUA;-;1
2025-06;Itaú;cdb-itau-100;private:itau:cdb-itau-100;Caixa;Pós-fixado;Curto;1
2025-06;Ledger;bitcoin-01;market:bitcoin-01:BTC;Cripto;BTC;-;1
2025-06;XP;lci-xp-2025;private:xp:lci-xp-2025;Caixa;Pós-fixado;Curto;1
2025-07;AAVE;usdc;market:usdc:USD;Caixa;Stablecoin;Curto;1
2025-07;Binance;bitcoin-02;market:bitcoin-02:BTC;Cripto;BTC;-;1
2025-07;Binance;solana;market:solana:SOL;Cripto;Altcoin;-;1
2025-07;Binance;usdc;market:usdc:USD;Caixa;Stablecoin;Curto;1
2025-07;Inter;etf-argt;market:etf-argt:ARGT;Renda Variável;Ações - Ex: USA;-;1
2025-07;Inter;etf-voo;market:etf-voo:VOO;Renda Variável;Ações EUA;-;1
2025-07;Inter;etf-vti;market:etf-vti:VTI;Renda Variável;Ações EUA;-;1
2025-07;Inter;lca-bocom;private:inter:lca-bocom;Caixa;Pós-fixado;Curto;1
2025-07;Inter;lig-liquidez-01;private:inter:lig-liquidez-01;Caixa;Pós-fixado;Curto;1
2025-07;Inter;lig-liquidez-02;private:inter:lig-liquidez-02;Caixa;Pós-fixado;Curto;1
2025-07;Inter;porquinho;private:inter:porquinho;Caixa;Pós-fixado;Curto;1
2025-07;Inter;tesouro-ipca-renda-2065;private:inter:tesouro-ipca-renda-2065;Renda Fixa;IPCA;Longo;1
2025-07;Inter;time-deposit;market:time-deposit:USD;Caixa;Pós-fixado;Curto;1
2025-07;Ledger;bitcoin-01;market:bitcoin-01:BTC;Cripto;BTC;-;1
2025-07;PicPay;picpay-confrinho;private:picpay:picpay-confrinho;Caixa;Pós-fixado;Curto;1
2025-08;AAVE;usdc;market:usdc:USD;Caixa;Stablecoin;Curto;1
2025-08;Binance;bitcoin-02;market:bitcoin-02:BTC;Cripto;BTC;-;1
2025-08;Binance;solana;market:solana:SOL;Cripto;Altcoin;-;1
2025-08;Binance;usdc;market:usdc:USD;Caixa;Stablecoin;Curto;1
2025-08;Binance;usdt;market:usdt:USD;Caixa;Stablecoin;Curto;1
2025-08;Inter;etf-argt;market:etf-argt:ARGT;Renda Variável;Ações - Ex: USA;-;1
2025-08;Inter;etf-voo;market:etf-voo:VOO;Renda Variável;Ações EUA;-;1
2025-08;Inter;etf-vti;market:etf-vti:VTI;Renda Variável;Ações EUA;-;1
2025-08;Inter;lca-bocom;private:inter:lca-bocom;Caixa;Pós-fixado;Curto;1
2025-08;Inter;lig-liquidez-01;private:inter:lig-liquidez-01;Caixa;Pós-fixado;Curto;1
2025-08;Inter;lig-liquidez-02;private:inter:lig-liquidez-02;Caixa;Pós-fixado;Curto;1
2025-08;Inter;porquinho;private:inter:porquinho;Caixa;Pós-fixado;Curto;1
2025-08;Inter;tesouro-ipca-renda-2065;private:inter:tesouro-ipca-renda-2065;Renda Fixa;IPCA;Longo;1
2025-08;Inter;time-deposit;market:time-deposit:USD;Caixa;Pós-fixado;Curto;1
2025-08;Ledger;bitcoin-01;market:bitcoin-01:BTC;Cripto;BTC;-;1
2025-09;AAVE;usdc;market:usdc:USD;Caixa;Stablecoin;Curto;1
2025-09;Binance;bitcoin-02;market:bitcoin-02:BTC;Cripto;BTC;-;1
2025-09;Binance;solana;market:solana:SOL;Cripto;Altcoin;-;1
2025-09;Binance;usdc;market:usdc:USD;Caixa;Stablecoin;Curto;1
2025-09;Binance;usdt;market:usdt:USD;Caixa;Stablecoin;Curto;1
2025-09;Inter;dolar;market:dolar-inter:USD;Caixa;Pós-fixado;Curto;1
2025-09;Inter;etf-argt;market:etf-argt:ARGT;Renda Variável;Ações - Ex: USA;-;1
2025-09;Inter;etf-gldm;market:etf-gldm:GLDM;Reserva;Commoditie;-;1
2025-09;Inter;etf-voo;market:etf-voo:VOO;Renda Variável;Ações EUA;-;1
2025-09;Inter;lca-bocom;private:inter:lca-bocom;Caixa;Pós-fixado;Curto;1
2025-09;Inter;porquinho;private:inter:porquinho;Caixa;Pós-fixado;Curto;1
2025-09;Inter;previdencia-privada;private:inter:previdencia-grao-fim;Renda Fixa;Pós-fixado;Longo;1
2025-09;Inter;tesouro-ipca-renda-2065;private:inter:tesouro-ipca-renda-2065;Renda Fixa;IPCA;Longo;1
2025-09;Ledger;bitcoin-01;market:bitcoin-01:BTC;Cripto;BTC;-;1
2025-10;AAVE;usdc;market:usdc:USD;Caixa;Stablecoin;Curto;1
2025-10;Binance;bitcoin-02;market:bitcoin-02:BTC;Cripto;BTC;-;1
2025-10;Binance;solana;market:solana:SOL;Cripto;Altcoin;-;1
2025-10;Binance;usdt;market:usdt:USD;Caixa;Stablecoin;Curto;1
2025-10;Inter;etf-argt;market:etf-argt:ARGT;Renda Variável;Ações - Ex: USA;-;1
2025-10;Inter;etf-gldm;market:etf-gldm:GLDM;Reserva;Commoditie;-;1
2025-10;Inter;etf-voo;market:etf-voo:VOO;Renda Variável;Ações EUA;-;1
2025-10;Inter;lca-bocom;private:inter:lca-bocom;Caixa;Pós-fixado;Curto;1
2025-10;Inter;porquinho;private:inter:porquinho;Caixa;Pós-fixado;Curto;1
2025-10;Inter;previdencia-privada;private:inter:previdencia-grao-fim;Renda Fixa;Pós-fixado;Longo;1
2025-10;Inter;tesouro-ipca-renda-2065;private:inter:tesouro-ipca-renda-2065;Renda Fixa;IPCA;Longo;1
2025-10;Inter;time-deposit;market:time-deposit:USD;Caixa;Pós-fixado;Curto;1
2025-10;Ledger;bitcoin-01;market:bitcoin-01:BTC;Cripto;BTC;-;1
2025-11;AAVE;usdc;market:usdc:USD;Caixa;Stablecoin;Curto;1
2025-11;Binance;bitcoin-02;market:bitcoin-02:BTC;Cripto;BTC;-;1
2025-11;Binance;solana;market:solana:SOL;Cripto;Altcoin;-;1
2025-11;Binance;usdt;market:usdt:USD;Caixa;Stablecoin;Curto;1
2025-11;Inter;etf-argt;market:etf-argt:ARGT;Renda Variável;Ações - Ex: USA;-;1
2025-11;Inter;etf-gldm;market:etf-gldm:GLDM;Reserva;Commoditie;-;1
2025-11;Inter;etf-voo;market:etf-voo:VOO;Renda Variável;Ações EUA;-;1
2025-11;Inter;lcd-bndes-liquidez;private:inter:lcd-bndes-liquidez;Caixa;Pós-fixado;Curto;1
2025-11;Inter;porquinho;private:inter:porquinho;Caixa;Pós-fixado;Curto;1
2025-11;Inter;previdencia-privada;private:inter:previdencia-grao-fim;Renda Fixa;Pós-fixado;Longo;1
2025-11;Inter;tesouro-ipca-renda-2065;private:inter:tesouro-ipca-renda-2065;Renda Fixa;IPCA;Longo;1
2025-11;Inter;time-deposit;market:time-deposit:USD;Caixa;Pós-fixado;Curto;1
2025-11;Ledger;bitcoin-01;market:bitcoin-01:BTC;Cripto;BTC;-;1
2025-12;AAVE;usdc;market:usdc:USD;Caixa;Stablecoin;Curto;1
2025-12;Binance;bitcoin-02;market:bitcoin-02:BTC;Cripto;BTC;-;1
2025-12;Binance;solana;market:solana:SOL;Cripto;Altcoin;-;1
2025-12;Binance;usdt;market:usdt:USD;Caixa;Stablecoin;Curto;1
2025-12;Inter;etf-argt;market:etf-argt:ARGT;Renda Variável;Ações - Ex: USA;-;1
2025-12;Inter;etf-gldm;market:etf-gldm:GLDM;Reserva;Commoditie;-;1
2025-12;Inter;etf-voo;market:etf-voo:VOO;Renda Variável;Ações EUA;-;1
2025-12;Inter;lcd-bndes-liquidez;private:inter:lcd-bndes-liquidez;Caixa;Pós-fixado;Curto;1
2025-12;Inter;porquinho;private:inter:porquinho;Caixa;Pós-fixado;Curto;1
2025-12;Inter;previdencia-privada;private:inter:previdencia-grao-fim;Renda Fixa;Pós-fixado;Longo;1
2025-12;Inter;tesouro-ipca-renda-2065;private:inter:tesouro-ipca-renda-2065;Renda Fixa;IPCA;Longo;1
2025-12;Inter;time-deposit;market:time-deposit:USD;Caixa;Pós-fixado;Curto;1
2025-12;Ledger;bitcoin-01;market:bitcoin-01:BTC;Cripto;BTC;-;1
2026-01;AAVE;usdc;market:usdc:USD;Caixa;Stablecoin;Curto;1
2026-01;Binance;bitcoin-02;market:bitcoin-02:BTC;Cripto;BTC;-;1
2026-01;Binance;solana;market:solana:SOL;Cripto;Altcoin;-;1
2026-01;Binance;usdt;market:usdt:USD;Caixa;Stablecoin;Curto;1
2026-01;Inter;etf-argt;market:etf-argt:ARGT;Renda Variável;Ações - Ex: USA;-;1
2026-01;Inter;etf-gldm;market:etf-gldm:GLDM;Reserva;Commoditie;-;1
2026-01;Inter;etf-voo;market:etf-voo:VOO;Renda Variável;Ações EUA;-;1
2026-01;Inter;lcd-bndes-liquidez;private:inter:lcd-bndes-liquidez;Caixa;Pós-fixado;Curto;1
2026-01;Inter;porquinho;private:inter:porquinho;Caixa;Pós-fixado;Curto;1
2026-01;Inter;previdencia-privada;private:inter:previdencia-grao-fim;Renda Variável;Ações BR;-;0,54
2026-01;Inter;previdencia-privada;private:inter:previdencia-grao-fim;Renda Fixa;Pós-fixado;Longo;0,46
2026-01;Inter;tesouro-ipca-renda-2065;private:inter:tesouro-ipca-renda-2065;Renda Fixa;IPCA;Longo;1
2026-01;Inter;time-deposit;market:time-deposit:USD;Caixa;Pós-fixado;Curto;1
2026-01;Ledger;bitcoin-01;market:bitcoin-01:BTC;Cripto;BTC;-;1
2026-02;AAVE;usdc;market:usdc:USD;Caixa;Stablecoin;Curto;1
2026-02;Binance;bitcoin-02;market:bitcoin-02:BTC;Cripto;BTC;-;1
2026-02;Binance;solana;market:solana:SOL;Cripto;Altcoin;-;1
2026-02;Inter;etf-argt;market:etf-argt:ARGT;Renda Variável;Ações - Ex: USA;-;1
2026-02;Inter;etf-gldm;market:etf-gldm:GLDM;Reserva;Commoditie;-;1
2026-02;Inter;etf-iaum;market:etf-iaum:IAUM;Reserva;Commoditie;-;1
2026-02;Inter;etf-sivr;market:etf-sivr:SIVR;Renda Variável;Commoditie;-;1
2026-02;Inter;etf-voo;market:etf-voo:VOO;Renda Variável;Ações EUA;-;1
2026-02;Inter;lcd-bndes-liquidez;private:inter:lcd-bndes-liquidez;Caixa;Pós-fixado;Curto;1
2026-02;Inter;porquinho;private:inter:porquinho;Caixa;Pós-fixado;Curto;1
2026-02;Inter;previdencia-privada;private:inter:previdencia-grao-fim;Renda Fixa;Pós-fixado;Longo;0,46
2026-02;Inter;previdencia-privada;private:inter:previdencia-grao-fim;Renda Variável;Ações BR;-;0,54
2026-02;Inter;tesouro-ipca-renda-2065;private:inter:tesouro-ipca-renda-2065;Renda Fixa;IPCA;Longo;1
2026-02;Inter;time-deposit;market:time-deposit:USD;Caixa;Pós-fixado;Curto;1
2026-02;Ledger;bitcoin-01;market:bitcoin-01:BTC;Cripto;BTC;-;1
2026-03;AAVE;usdc;market:usdc:USD;Caixa;Stablecoin;Curto;1
2026-03;Binance;bitcoin-02;market:bitcoin-02:BTC;Cripto;BTC;-;1
2026-03;Binance;solana;market:solana:SOL;Cripto;Altcoin;-;1
2026-03;Inter;etf-argt;market:etf-argt:ARGT;Renda Variável;Ações - Ex: USA;-;1
2026-03;Inter;etf-gldm;market:etf-gldm:GLDM;Reserva;Commoditie;-;1
2026-03;Inter;etf-iaum;market:etf-iaum:IAUM;Reserva;Commoditie;-;1
2026-03;Inter;etf-sivr;market:etf-sivr:SIVR;Renda Variável;Commoditie;-;1
2026-03;Inter;etf-voo;market:etf-voo:VOO;Renda Variável;Ações EUA;-;1
2026-03;Inter;lcd-bndes-liquidez;private:inter:lcd-bndes-liquidez;Caixa;Pós-fixado;Curto;1
2026-03;Inter;porquinho;private:inter:porquinho;Caixa;Pós-fixado;Curto;1
2026-03;Inter;previdencia-privada;private:inter:previdencia-grao-fim;Renda Fixa;Pós-fixado;Longo;0,46
2026-03;Inter;previdencia-privada;private:inter:previdencia-grao-fim;Renda Variável;Ações BR;-;0,54
2026-03;Inter;tesouro-ipca-renda-2065;private:inter:tesouro-ipca-renda-2065;Renda Fixa;IPCA;Longo;1
2026-03;Inter;time-deposit;market:time-deposit:USD;Caixa;Pós-fixado;Curto;1
2026-03;Ledger;bitcoin-01;market:bitcoin-01:BTC;Cripto;BTC;-;1
2026-04;AAVE;usdc;market:usdc:USD;Caixa;Stablecoin;Curto;1
2026-04;Binance;bitcoin-02;market:bitcoin-02:BTC;Cripto;BTC;-;1
2026-04;Binance;solana;market:solana:SOL;Cripto;Altcoin;-;1
2026-04;Inter;etf-argt;market:etf-argt:ARGT;Renda Variável;Ações - Ex: USA;-;1
2026-04;Inter;etf-gldm;market:etf-gldm:GLDM;Reserva;Commoditie;-;1
2026-04;Inter;etf-iaum;market:etf-iaum:IAUM;Reserva;Commoditie;-;1
2026-04;Inter;etf-sivr;market:etf-sivr:SIVR;Renda Variável;Commoditie;-;1
2026-04;Inter;etf-voo;market:etf-voo:VOO;Renda Variável;Ações EUA;-;1
2026-04;Inter;etf-xle;market:etf-xle:XLE;Renda Variável;Ações EUA;-;1
2026-04;Inter;lcd-bndes-liquidez;private:inter:lcd-bndes-liquidez;Caixa;Pós-fixado;Curto;1
2026-04;Inter;lci-brb-set-26;private:inter:lci-brb-set-26;Renda Fixa;Pós-fixado;Médio;1
2026-04;Inter;porquinho;private:inter:porquinho;Caixa;Pós-fixado;Curto;1
2026-04;Inter;previdencia-privada;private:inter:previdencia-grao-fim;Renda Variável;Ações BR;-;0,54
2026-04;Inter;previdencia-privada;private:inter:previdencia-grao-fim;Renda Fixa;Pós-fixado;Longo;0,46
2026-04;Inter;tesouro-ipca-renda-2065;private:inter:tesouro-ipca-renda-2065;Renda Fixa;IPCA;Longo;1
2026-04;Inter;time-deposit;market:time-deposit:USD;Caixa;Pós-fixado;Curto;1
2026-04;Ledger;bitcoin-01;market:bitcoin-01:BTC;Cripto;BTC;-;1
2026-05;AAVE;usdc;market:usdc:USD;Caixa;Stablecoin;Curto;1
2026-05;Binance;bitcoin-02;market:bitcoin-02:BTC;Cripto;BTC;-;1
2026-05;Binance;solana;market:solana:SOL;Cripto;Altcoin;-;1
2026-05;Inter;dolar;market:dolar-inter:USD;Caixa;Pós-fixado;Curto;1
2026-05;Inter;etf-gldm;market:etf-gldm:GLDM;Reserva;Commoditie;-;1
2026-05;Inter;etf-iaum;market:etf-iaum:IAUM;Reserva;Commoditie;-;1
2026-05;Inter;etf-sivr;market:etf-sivr:SIVR;Renda Variável;Commoditie;-;1
2026-05;Inter;etf-voo;market:etf-voo:VOO;Renda Variável;Ações EUA;-;1
2026-05;Inter;etf-xle;market:etf-xle:XLE;Renda Variável;Ações EUA;-;1
2026-05;Inter;lcd-bndes-liquidez;private:inter:lcd-bndes-liquidez;Caixa;Pós-fixado;Curto;1
2026-05;Inter;lci-brb-set-26;private:inter:lci-brb-set-26;Renda Fixa;Pós-fixado;Médio;1
2026-05;Inter;porquinho;private:inter:porquinho;Caixa;Pós-fixado;Curto;1
2026-05;Inter;previdencia-privada;private:inter:previdencia-grao-fim;Renda Variável;Ações BR;-;0,54
2026-05;Inter;previdencia-privada;private:inter:previdencia-grao-fim;Renda Fixa;Pós-fixado;Longo;0,46
2026-05;Inter;tesouro-ipca-renda-2065;private:inter:tesouro-ipca-renda-2065;Renda Fixa;IPCA;Longo;1
2026-05;Inter;time-deposit;market:time-deposit:USD;Caixa;Pós-fixado;Curto;1
2026-05;Ledger;bitcoin-01;market:bitcoin-01:BTC;Cripto;BTC;-;1
2026-06;AAVE;usdc;market:usdc:USD;Caixa;Stablecoin;Curto;1
2026-06;Binance;bitcoin-02;market:bitcoin-02:BTC;Cripto;BTC;-;1
2026-06;Binance;solana;market:solana:SOL;Cripto;Altcoin;-;1
2026-06;Inter;etf-gldm;market:etf-gldm:GLDM;Reserva;Commoditie;-;1
2026-06;Inter;etf-iaum;market:etf-iaum:IAUM;Reserva;Commoditie;-;1
2026-06;Inter;etf-sivr;market:etf-sivr:SIVR;Renda Variável;Commoditie;-;1
2026-06;Inter;etf-voo;market:etf-voo:VOO;Renda Variável;Ações EUA;-;1
2026-06;Inter;etf-vxus;market:etf-vxus:VXUS;Renda Variável;Ações - Ex: USA;-;1
2026-06;Inter;etf-xle;market:etf-xle:XLE;Renda Variável;Ações EUA;-;1
2026-06;Inter;lcd-bndes-liquidez;private:inter:lcd-bndes-liquidez;Caixa;Pós-fixado;Curto;1
2026-06;Inter;lci-brb-jun-27;private:inter:lci-brb-jun-27;Renda Fixa;Pós-fixado;Curto;1
2026-06;Inter;lci-brb-set-26;private:inter:lci-brb-set-26;Renda Fixa;Pós-fixado;Médio;1
2026-06;Inter;porquinho;private:inter:porquinho;Caixa;Pós-fixado;Curto;1
2026-06;Inter;previdencia-privada;private:inter:previdencia-grao-fim;Renda Variável;Ações BR;-;0,54
2026-06;Inter;previdencia-privada;private:inter:previdencia-grao-fim;Renda Fixa;Pós-fixado;Longo;0,46
2026-06;Inter;tesouro-ipca-renda-2065;private:inter:tesouro-ipca-renda-2065;Renda Fixa;IPCA;Longo;1
2026-06;Ledger;bitcoin-01;market:bitcoin-01:BTC;Cripto;BTC;-;1
2026-07;AAVE;usdc;market:usdc:USD;Caixa;Stablecoin;Curto;1
2026-07;Binance;bitcoin-02;market:bitcoin-02:BTC;Cripto;BTC;-;1
2026-07;Binance;solana;market:solana:SOL;Cripto;Altcoin;-;1
2026-07;Inter;etf-gldm;market:etf-gldm:GLDM;Reserva;Commoditie;-;1
2026-07;Inter;etf-gpca11;market:etf-gpca11:GPCA11.SAO;Renda Fixa;IPCA;Curto;0,6
2026-07;Inter;etf-gpca11;market:etf-gpca11:GPCA11.SAO;Renda Fixa;IPCA;Médio;0,4
2026-07;Inter;etf-iaum;market:etf-iaum:IAUM;Reserva;Commoditie;-;1
2026-07;Inter;etf-sivr;market:etf-sivr:SIVR;Renda Variável;Commoditie;-;1
2026-07;Inter;etf-voo;market:etf-voo:VOO;Renda Variável;Ações EUA;-;1
2026-07;Inter;etf-vxus;market:etf-vxus:VXUS;Renda Variável;Ações - Ex: USA;-;1
2026-07;Inter;etf-xle;market:etf-xle:XLE;Renda Variável;Ações EUA;-;1
2026-07;Inter;lcd-bndes-liquidez;private:inter:lcd-bndes-liquidez;Caixa;Pós-fixado;Curto;1
2026-07;Inter;lci-brb-jun-27;private:inter:lci-brb-jun-27;Renda Fixa;Pós-fixado;Curto;1
2026-07;Inter;lci-brb-set-26;private:inter:lci-brb-set-26;Renda Fixa;Pós-fixado;Médio;1
2026-07;Inter;porquinho;private:inter:porquinho;Caixa;Pós-fixado;Curto;1
2026-07;Inter;previdencia-privada;private:inter:previdencia-grao-fim;Renda Fixa;Pós-fixado;Curto;0,16
2026-07;Inter;previdencia-privada;private:inter:previdencia-grao-fim;Renda Fixa;Pós-fixado;Longo;0,2
2026-07;Inter;previdencia-privada;private:inter:previdencia-grao-fim;Renda Fixa;Pós-fixado;Médio;0,09
2026-07;Inter;previdencia-privada;private:inter:previdencia-grao-fim;Renda Variável;Ações EUA;-;0,19
2026-07;Inter;previdencia-privada;private:inter:previdencia-grao-fim;Renda Variável;Ações BR;-;0,28
2026-07;Inter;previdencia-privada;private:inter:previdencia-grao-fim;Renda Variável;Imobiliário BR;-;0,08
2026-07;Inter;tesouro-ipca-renda-2065;private:inter:tesouro-ipca-renda-2065;Renda Fixa;IPCA;Longo;1
2026-07;Inter;tesouro-ipca-2032;private:inter:tesouro-ipca-2032;Renda Fixa;IPCA;Médio;1
2026-07;Inter;time-deposit;market:time-deposit:USD;Caixa;Pós-fixado;Curto;1
2026-07;Ledger;bitcoin-01;market:bitcoin-01:BTC;Cripto;BTC;-;1
2026-07;Revolut;flexible-account;market:flexible-account:USD;Caixa;Pós-fixado;Curto;1
2026-08;AAVE;usdc;market:usdc:USD;Caixa;Stablecoin;Curto;1
2026-08;Binance;bitcoin-02;market:bitcoin-02:BTC;Cripto;BTC;-;1
2026-08;Binance;solana;market:solana:SOL;Cripto;Altcoin;-;1
2026-08;Inter;etf-gldm;market:etf-gldm:GLDM;Reserva;Commoditie;-;1
2026-08;Inter;etf-gpca11;market:etf-gpca11:GPCA11.SAO;Renda Fixa;IPCA;Curto;0,6
2026-08;Inter;etf-gpca11;market:etf-gpca11:GPCA11.SAO;Renda Fixa;IPCA;Médio;0,4
2026-08;Inter;etf-iaum;market:etf-iaum:IAUM;Reserva;Commoditie;-;1
2026-08;Inter;etf-sivr;market:etf-sivr:SIVR;Renda Variável;Commoditie;-;1
2026-08;Inter;etf-voo;market:etf-voo:VOO;Renda Variável;Ações EUA;-;1
2026-08;Inter;etf-vxus;market:etf-vxus:VXUS;Renda Variável;Ações - Ex: USA;-;1
2026-08;Inter;etf-xle;market:etf-xle:XLE;Renda Variável;Ações EUA;-;1
2026-08;Inter;lcd-bdmg-liquidez;private:inter:lcd-bdmg-liquidez-05-32;Caixa;Pós-fixado;Curto;1
2026-08;Inter;lcd-bndes-liquidez;private:inter:lcd-bndes-liquidez;Caixa;Pós-fixado;Curto;1
2026-08;Inter;lci-brb-jun-27;private:inter:lci-brb-jun-27;Renda Fixa;Pós-fixado;Curto;1
2026-08;Inter;lci-brb-set-26;private:inter:lci-brb-set-26;Renda Fixa;Pós-fixado;Médio;1
2026-08;Inter;porquinho;private:inter:porquinho;Caixa;Pós-fixado;Curto;1
2026-08;Inter;previdencia-privada;private:inter:previdencia-grao-fim;Renda Fixa;Pós-fixado;Curto;0,16
2026-08;Inter;previdencia-privada;private:inter:previdencia-grao-fim;Renda Fixa;Pós-fixado;Longo;0,2
2026-08;Inter;previdencia-privada;private:inter:previdencia-grao-fim;Renda Fixa;Pós-fixado;Médio;0,09
2026-08;Inter;previdencia-privada;private:inter:previdencia-grao-fim;Renda Variável;Ações EUA;-;0,19
2026-08;Inter;previdencia-privada;private:inter:previdencia-grao-fim;Renda Variável;Ações BR;-;0,28
2026-08;Inter;previdencia-privada;private:inter:previdencia-grao-fim;Renda Variável;Imobiliário BR;-;0,08
2026-08;Inter;tesouro-ipca-renda-2065;private:inter:tesouro-ipca-renda-2065;Renda Fixa;IPCA;Longo;1
2026-08;Inter;tesouro-ipca-2032;private:inter:tesouro-ipca-2032;Renda Fixa;IPCA;Médio;1
2026-08;Inter;time-deposit;market:time-deposit:USD;Caixa;Pós-fixado;Curto;1
2026-08;Ledger;bitcoin-01;market:bitcoin-01:BTC;Cripto;BTC;-;1
2026-08;Revolut;flexible-account;market:flexible-account:USD;Caixa;Pós-fixado;Curto;1
2026-09;AAVE;usdc;market:usdc:USD;Caixa;Stablecoin;Curto;1
2026-09;Binance;bitcoin-02;market:bitcoin-02:BTC;Cripto;BTC;-;1
2026-09;Binance;solana;market:solana:SOL;Cripto;Altcoin;-;1
2026-09;Inter;etf-gldm;market:etf-gldm:GLDM;Reserva;Commoditie;-;1
2026-09;Inter;etf-gpca11;market:etf-gpca11:GPCA11.SAO;Renda Fixa;IPCA;Curto;0,6
2026-09;Inter;etf-gpca11;market:etf-gpca11:GPCA11.SAO;Renda Fixa;IPCA;Médio;0,4
2026-09;Inter;etf-iaum;market:etf-iaum:IAUM;Reserva;Commoditie;-;1
2026-09;Inter;etf-sivr;market:etf-sivr:SIVR;Renda Variável;Commoditie;-;1
2026-09;Inter;etf-voo;market:etf-voo:VOO;Renda Variável;Ações EUA;-;1
2026-09;Inter;etf-vxus;market:etf-vxus:VXUS;Renda Variável;Ações - Ex: USA;-;1
2026-09;Inter;etf-xle;market:etf-xle:XLE;Renda Variável;Ações EUA;-;1
2026-09;Inter;lcd-bdmg-liquidez;private:inter:lcd-bdmg-liquidez-05-32;Caixa;Pós-fixado;Curto;1
2026-09;Inter;lcd-bndes-liquidez;private:inter:lcd-bndes-liquidez;Caixa;Pós-fixado;Curto;1
2026-09;Inter;lci-brb-jun-27;private:inter:lci-brb-jun-27;Renda Fixa;Pós-fixado;Curto;1
2026-09;Inter;lci-brb-set-26;private:inter:lci-brb-set-26;Renda Fixa;Pós-fixado;Médio;1
2026-09;Inter;porquinho;private:inter:porquinho;Caixa;Pós-fixado;Curto;1
2026-09;Inter;previdencia-privada;private:inter:previdencia-grao-fim;Renda Fixa;Pós-fixado;Curto;0,16
2026-09;Inter;previdencia-privada;private:inter:previdencia-grao-fim;Renda Fixa;Pós-fixado;Longo;0,2
2026-09;Inter;previdencia-privada;private:inter:previdencia-grao-fim;Renda Fixa;Pós-fixado;Médio;0,09
2026-09;Inter;previdencia-privada;private:inter:previdencia-grao-fim;Renda Variável;Ações EUA;-;0,19
2026-09;Inter;previdencia-privada;private:inter:previdencia-grao-fim;Renda Variável;Ações BR;-;0,28
2026-09;Inter;previdencia-privada;private:inter:previdencia-grao-fim;Renda Variável;Imobiliário BR;-;0,08
2026-09;Inter;tesouro-ipca-renda-2065;private:inter:tesouro-ipca-renda-2065;Renda Fixa;IPCA;Longo;1
2026-09;Inter;tesouro-ipca-2032;private:inter:tesouro-ipca-2032;Renda Fixa;IPCA;Médio;1
2026-09;Inter;time-deposit;market:time-deposit:USD;Caixa;Pós-fixado;Curto;1
2026-09;Ledger;bitcoin-01;market:bitcoin-01:BTC;Cripto;BTC;-;1
2026-09;Revolut;flexible-account;market:flexible-account:USD;Caixa;Pós-fixado;Curto;1
2026-10;AAVE;usdc;market:usdc:USD;Caixa;Stablecoin;Curto;1
2026-10;Binance;bitcoin-02;market:bitcoin-02:BTC;Cripto;BTC;-;1
2026-10;Binance;solana;market:solana:SOL;Cripto;Altcoin;-;1
2026-10;Inter;etf-gldm;market:etf-gldm:GLDM;Reserva;Commoditie;-;1
2026-10;Inter;etf-gpca11;market:etf-gpca11:GPCA11.SAO;Renda Fixa;IPCA;Curto;0,6
2026-10;Inter;etf-gpca11;market:etf-gpca11:GPCA11.SAO;Renda Fixa;IPCA;Médio;0,4
2026-10;Inter;etf-iaum;market:etf-iaum:IAUM;Reserva;Commoditie;-;1
2026-10;Inter;etf-sivr;market:etf-sivr:SIVR;Renda Variável;Commoditie;-;1
2026-10;Inter;etf-voo;market:etf-voo:VOO;Renda Variável;Ações EUA;-;1
2026-10;Inter;etf-vxus;market:etf-vxus:VXUS;Renda Variável;Ações - Ex: USA;-;1
2026-10;Inter;etf-xle;market:etf-xle:XLE;Renda Variável;Ações EUA;-;1
2026-10;Inter;lcd-bdmg-liquidez;private:inter:lcd-bdmg-liquidez-05-32;Caixa;Pós-fixado;Curto;1
2026-10;Inter;lcd-bndes-liquidez;private:inter:lcd-bndes-liquidez;Caixa;Pós-fixado;Curto;1
2026-10;Inter;lci-brb-jun-27;private:inter:lci-brb-jun-27;Renda Fixa;Pós-fixado;Curto;1
2026-10;Inter;lci-brb-set-26;private:inter:lci-brb-set-26;Renda Fixa;Pós-fixado;Médio;1
2026-10;Inter;porquinho;private:inter:porquinho;Caixa;Pós-fixado;Curto;1
2026-10;Inter;previdencia-privada;private:inter:previdencia-grao-fim;Renda Fixa;Pós-fixado;Curto;0,16
2026-10;Inter;previdencia-privada;private:inter:previdencia-grao-fim;Renda Fixa;Pós-fixado;Longo;0,2
2026-10;Inter;previdencia-privada;private:inter:previdencia-grao-fim;Renda Fixa;Pós-fixado;Médio;0,09
2026-10;Inter;previdencia-privada;private:inter:previdencia-grao-fim;Renda Variável;Ações EUA;-;0,19
2026-10;Inter;previdencia-privada;private:inter:previdencia-grao-fim;Renda Variável;Ações BR;-;0,28
2026-10;Inter;previdencia-privada;private:inter:previdencia-grao-fim;Renda Variável;Imobiliário BR;-;0,08
2026-10;Inter;tesouro-ipca-renda-2065;private:inter:tesouro-ipca-renda-2065;Renda Fixa;IPCA;Longo;1
2026-10;Inter;tesouro-ipca-2032;private:inter:tesouro-ipca-2032;Renda Fixa;IPCA;Médio;1
2026-10;Inter;time-deposit;market:time-deposit:USD;Caixa;Pós-fixado;Curto;1
2026-10;Ledger;bitcoin-01;market:bitcoin-01:BTC;Cripto;BTC;-;1
2026-10;Revolut;flexible-account;market:flexible-account:USD;Caixa;Pós-fixado;Curto;1
