Data;Nome;Ticker;Instituição;Estratégia;Quantidade;Cotação Ativo;Moeda Base;Cotação Dolar;Total (R$)
45078;Bitcoin;BTC;Ledger;Core-Satellite;Core;Core;Core;Core;Core
45078;Liquidez Diaria;;PicPay;Core;3698,14;;BRL;5,007;3698,14
45078;CDB -  110%;;C6;Core;20017,71;;BRL;5,007;20017,71
45078;USDT;USD;Binance;Core;1002;5,007;USD;5,007;5017,014
45078;BUSD;USD;Binance;Core;2527;5,007;USD;5,007;12652,689
45078;Dolar;USD;Inter;Core;99,79;5,007;USD;5,007;499,64853
45108;Bitcoin;BTC;Ledger;Core-Satellite;0,179195;151373,22;BTC;4,89;27125,32416
45108;Liquidez Diaria;;PicPay;Core;4238,83;;BRL;4,89;4238,83
45108;CDB -  110%;;C6;Core;20277,35;;BRL;4,89;20277,35
45108;USDT;USD;Binance;Core;1009;4,89;USD;4,89;4934,01
45108;BUSD;USD;Binance;Core;2529;4,89;USD;4,89;12366,81
45108;Dolar;USD;Inter;Core;99,79;4,89;USD;4,89;487,9731
45200;Bitcoin;BTC;Binance;Core-Satellite;0,01745788;174262,84;BTC;5,05;3042,259749
45200;Bitcoin;BTC;Ledger;Core-Satellite;0,179195;174262,84;BTC;5,05;31227,02961
45200;Inter;;Inter;Core;5573,41;;BRL;5,05;5573,41
45200;C6 - CDB Diario 105%;;C6;Core;975;;BRL;5,05;975
45200;C6 - CDB Cartao 100%;;C6;Core;2500;;BRL;5,05;2500
45200;LCI DI 180;;Inter;Core;15748,75;;BRL;5,05;15748,75
45200;USDT;USD;Binance;Core;1017,85;5,05;USD;5,05;5140,1425
45200;BUSD;USD;Binance;Core;2531,36;5,05;USD;5,05;12783,368
45200;C6- Parado;;C6;Core;30,62;;BRL;5,05;30,62
45200;Dolar;USD;Inter;Core;39,94;5,05;USD;5,05;201,697
45261;USDT;USD;Binance;Core;1025,86;4,95;USD;4,95;5078,007
45261;BUSD;USD;Binance;Core;2539,94;4,95;USD;4,95;12572,703
45261;Conta Bancária;;C6;Core;471,12;;BRL;4,95;471,12
45261;Dólar;USD;Inter;Core;39,94;4,95;USD;4,95;197,703
45261;Bitcoin;BTC;Binance;Core-Satellite;0,01745788;207740,79;BTC;4,95;3626,713783
45261;Bitcoin;BTC;Ledger;Core-Satellite;0,179195;207740,79;BTC;4,95;37226,11086
45261;CDB Diario 105%;;C6;Core;11887,95;;BRL;4,95;11887,95
45261;CDB Cartao 100%;;C6;Core;2567,31;;BRL;4,95;2567,31
45261;LCI DI 180;;Inter;Core;15900,21;;BRL;4,95;15900,21
45292;USDT;USD;Binance;Core;1044,7;4,98;USD;4,98;5202,606
45292;BUSD;USD;Binance;Core;2568,18;4,98;USD;4,98;12789,5364
45292;Conta Bancária;;C6;Core;366,73;;BRL;4,98;366,73
45292;Dólar;USD;Inter;Core;39,94;4,98;USD;4,98;198,9012
45292;Bitcoin;BTC;Binance;Core-Satellite;0,02;213280;BTC;4,98;4265,6
45292;Bitcoin;BTC;Carteira Cripto;Core-Satellite;0,18;213280;BTC;4,98;38390,4
45292;CDB Diario 105%;;C6;Core;29644,52;;BRL;4,98;29644,52
45292;CDB Cartao 100%;;C6;Core;2910,35;;BRL;4,98;2910,35
45323;CDB Cartao 100%;;C6;Core;2916,4;;BRL;4,97;2916,4
45323;CDB Diario 105%;;C6;Core;19156,67;;BRL;4,97;19156,67
45323;Conta Bancária;;C6;Core;470,37;;BRL;4,97;470,37
45323;Extra XP;;XP;Core;148,08;;BRL;4,97;148,08
45323;LCI XP;;XP;Core;9851,92;;BRL;4,97;9851,92
45323;Bitcoin 01;BTC;Ledger;Core-Satellite;0,179195;258315;BTC;4,97;46288,75643
45323;Bitcoin 02;BTC;Binance;Core-Satellite;0,01745788;258315;BTC;4,97;4509,632272
45323;Bitcoin 03;BTC;Binance;Core-Satellite;0,00769491;258315;BTC;4,97;1987,710677
45323;USDC;USD;Binance;Core;3620,55;4,97;USD;4,97;17994,1335
45352;CDB Cartao 100%;;C6;Core;39,57;;BRL;4,97;39,57
45352;CDB Diario 105%;;C6;Core;21231,66;;BRL;4,97;21231,66
45352;Conta Bancária;;C6;Core;487,27;;BRL;4,97;487,27
45352;LCI XP;;XP;Core;9933,05;;BRL;4,97;9933,05
45352;Bitcoin 01;BTC;Carteira Cripto;Core-Satellite;0,179195;365000;BTC;4,97;65406,175
45352;USDC;USD;Binance;Core;5282,2;4,97;USD;4,97;26252,534
45383;CDB Itaú 100%;;Itaú;Core;30106,64;;BRL;5,1163;30106,64
45383;Conta Bancária;;Itaú;Core;279,34;;BRL;5,1163;279,34
45383;Bitcoin 01;BTC;Carteira Cripto;Core-Satellite;0,179195;301966;BTC;5,1163;54110,79737
45383;USDC;USD;Binance;Core;3437,1;5,1163;USD;5,1163;17585,23473
45383;Bitcoin 02;BTC;Binance;Core-Satellite;0,04627105;301966;BTC;5,1163;13972,28388
45413;CDB Itaú 100%;;Itaú;Core;16611;;BRL;5,155;16611
45413;Bitcoin 01;BTC;Carteira Cripto;Core-Satellite;0,179195;355704;BTC;5,155;63740,37828
45413;USDC;USD;Binance;Core;3444;5,155;USD;5,155;17753,82
45413;Bitcoin 02;BTC;Binance;Core-Satellite;0,07912145;355704;BTC;5,155;28143,81625
45444;Fundo Itaú;;Itaú;Core;13103,07;;BRL;5,43;13103,07
45444;CDB Itaú 100%;;Itaú;Core;5331,61;;BRL;5,43;5331,61
45444;Bitcoin 01;BTC;Carteira Cripto;Core-Satellite;0,179195;346000;BTC;5,43;62001,47
45444;USDC;USD;Binance;Core;3458;5,43;USD;5,43;18776,94
45444;Bitcoin 02;BTC;Binance;Core-Satellite;0,07912145;346000;BTC;5,43;27376,0217
45444;Etherium;USD;Binance;Satellite;548;5,43;USD;5,43;2975,64
45444;Solana;USD;Binance;Satellite;245;5,43;USD;5,43;1330,35
45505;Fundo Itaú;;Itaú;Core;11305,1;;BRL;5,5;11305,1
45505;CDB Itaú 100%;;Itaú;Core;3002,8;;BRL;5,5;3002,8
45505;Bitcoin 01;BTC;Carteira Cripto;Core-Satellite;0,2582571;339653,67;BTC;5,5;87717,97182
45505;USDC;USD;Binance;Core;3412;5,5;USD;5,5;18766
45505;Bitcoin 02;BTC;Binance;Core-Satellite;0,01584414;339653,67;BTC;5,5;5381,520299
45505;Etherium;USD;Binance;Satellite;413,9;5,5;USD;5,5;2276,45
45505;Solana;USD;Binance;Satellite;718,98;5,5;USD;5,5;3954,39
45536;Fundo Itaú;;Itaú;Core;2355,31;;BRL;5,52;2355,31
45536;CDB Itaú 100%;;Itaú;Core;950;;BRL;5,52;950
45536;Bitcoin 01;BTC;Carteira Cripto;Core-Satellite;0,2582571;348333,72;BTC;5,52;89959,65636
45536;Bitcoin 02;BTC;Binance;Core-Satellite;0,01584414;348333,72;BTC;5,52;5519,048226
45536;Bitcoin 03 - Viagem;BTC;Binance;Core-Satellite;0,01963;348333,72;BTC;5,52;6837,790924
45536;USDC;USD;Binance;Core;3418,33;5,52;USD;5,52;18869,1816
45536;Etherium;USD;Binance;Satellite;413,59;5,52;USD;5,52;2283,0168
45536;Solana;USD;Binance;Satellite;676,47;5,52;USD;5,52;3734,1144
45536;ETF - VOO;USD;Banco Inter;Core;912,37;5,52;USD;5,52;5036,2824
45566;Fundo Itaú;;Itaú;Core;1769,97;;BRL;5,76;1769,97
45566;CDB Itaú 100%;;Itaú;Core;2003,1;;BRL;5,76;2003,1
45566;Bitcoin 01;BTC;Carteira Cripto;Core-Satellite;0,2582571;418028,58;BTC;5,76;107958,8488
45566;Bitcoin 02;BTC;Binance;Core-Satellite;0,01584414;418028,58;BTC;5,76;6623,303346
45566;Bitcoin 03 - Viagem;BTC;Binance;Core-Satellite;0,01963;418028,58;BTC;5,76;8205,901025
45566;USDC;USD;Binance;Core;3432;5,76;USD;5,76;19768,32
45566;Etherium;USD;Binance;Satellite;422,39;5,76;USD;5,76;2432,9664
45566;Solana;USD;Binance;Satellite;836,11;5,76;USD;5,76;4815,9936
45566;ETF - VOO;USD;Banco Inter;Core;931,33;5,76;USD;5,76;5364,4608
45597;Fundo Itaú;;Itaú;Core;1774,82;;BRL;5,81;1774,82
45597;CDB Itaú 100%;;Itaú;Core;7107,21;;BRL;5,81;7107,21
45597;Bitcoin 01;BTC;Carteira Cripto;Core-Satellite;0,2582571;569958,14;BTC;5,81;147195,7364
45597;Bitcoin 02;BTC;Binance;Core-Satellite;0,01584414;569958,14;BTC;5,81;9030,496564
45597;USDC - Viagem;USD;Binance;Core;1719;5,81;USD;5,81;9987,39
45597;USDC;USD;Binance;Core;2911;5,81;USD;5,81;16912,91
45597;Solana;USD;Binance;Satellite;1187;5,81;USD;5,81;6896,47
45597;ETF - VOO;USD;Banco Inter;Core;947,25;5,81;USD;5,81;5503,5225
45627;Fundo Itaú;;Itaú;Core;3718,75;;BRL;6,19;3718,75
45627;CDB Itaú 100%;;Itaú;Core;4382;;BRL;6,19;4382
45627;Bitcoin 01;BTC;Carteira Cripto;Core-Satellite;0,2582571;582401;BTC;6,19;150409,1933
45627;Bitcoin 02;BTC;Binance;Core-Satellite;0,01584414;582401;BTC;6,19;9227,64298
45627;USDC - Viagem;USD;Binance;Core;1719;6,19;USD;6,19;10640,61
45627;USDC;USD;Binance;Core;2943;6,19;USD;6,19;18217,17
45627;Solana;USD;Binance;Satellite;872,55;6,19;USD;6,19;5401,0845
45627;ETF - VOO;USD;Banco Inter;Core;952,38;6,19;USD;6,19;5895,2322
45627;ETF - VTI;USD;Banco Inter;Core;489,34;6,19;USD;6,19;3029,0146
45627;ETF - ARGT;USD;Banco Inter;Satellite;504,2;6,19;USD;6,19;3120,998
45658;CDB Itaú 100%;;Itaú;Core;344,92;;BRL;6,19;344,92
45658;LCI - XP;;XP;Core;5074,8;;BRL;6,19;5074,8
45658;Bitcoin 01;BTC;Carteira Cripto;Core-Satellite;0,2582571;596551,43;BTC;6,19;154063,6423
45658;Bitcoin 02;BTC;Binance;Core-Satellite;0,02111886;596551,43;BTC;6,19;12598,48613
45658;USDC - Viagem;USD;Binance;Core;1719;6,19;USD;6,19;10640,61
45658;USDC;USD;Binance;Core;2054,14;6,19;USD;6,19;12715,1266
45658;Solana;SOL;Binance;Satellite;6,73925422;1272,72;USD;6,19;8577,183631
45658;ETF - VOO;USD;Banco Inter;Core;936,01;6,19;USD;6,19;5793,9019
45658;ETF - VTI;USD;Banco Inter;Core;481,6;6,19;USD;6,19;2981,104
45658;ETF - ARGT;USD;Banco Inter;Satellite;525,96;6,19;USD;6,19;3255,6924
45839;Porquinho;;Inter;Core;6474,05;;BRL;5,54;6474,05
45839;USDC;USD;Binance;Core;137,36;5,54;USD;5,54;760,9744
45839;USDC;USD;Chainless;Core;1011,36;5,54;USD;5,54;5602,9344
45839;Picpay - Confrinho;;PicPay;Core;1612,13;;BRL;5,54;1612,13
45839;LCA BOCOM;;Inter;Core;4743,13;;BRL;5,54;4743,13
45839;LIG LIQUIDEZ 01;;Inter;Core;1713,72;;BRL;5,54;1713,72
45839;LIG LIQUIDEZ 02;;Inter;Core;825,81;;BRL;5,54;825,81
45839;Time Deposit;USD;Inter;Core;1010,19;5,54;USD;5,54;5596,4526
45839;Tesouro Renda+ 2065;;Inter;Core;2503,82;;BRL;5,54;2503,82
45839;ETF - ARGT;USD;Inter;Satellite;508,9;5,54;USD;5,54;2819,306
45839;ETF - VOO;USD;Inter;Core;1018,2;5,54;USD;5,54;5640,828
45839;ETF - VTI;USD;Inter;Core;521,24;5,54;USD;5,54;2887,6696
45839;Bitcoin 02;BTC;Binance;Core-Satellite;0,00672562;642564;BTC;5,54;4321,64129
45839;Solana;SOL;Binance;Satellite;5,52854904;996,08;USD;5,54;5506,877128
45839;Bitcoin 01;BTC;Carteira Cripto;Core-Satellite;0,27932596;642564;BTC;5,54;179484,8062
45870;Porquinho;;Inter;Core;8993,97;;BRL;5,51;8993,97
45870;USDT;USD;Binance;Core;100,07;5,51;USD;5,51;551,3857
45870;USDC;USD;Binance;Core;100,35;5,51;USD;5,51;552,9285
45870;USDC;USD;AAVE;Core;1657;5,51;USD;5,51;9130,07
45870;LCA BOCOM;;Inter;Core;4743,13;;BRL;5,51;4743,13
45870;LIG LIQUIDEZ 01;;Inter;Core;1713,72;;BRL;5,51;1713,72
45870;LIG LIQUIDEZ 02;;Inter;Core;825,81;;BRL;5,51;825,81
45870;Time Deposit;USD;Inter;Core;1010,19;5,51;USD;5,51;5566,1469
45870;Tesouro Renda+ 2065;;Inter;Core;2503,82;;BRL;5,51;2503,82
45870;ETF - ARGT;USD;Inter;Satellite;508,9;5,51;USD;5,51;2804,039
45870;ETF - VOO;USD;Inter;Core;1018,2;5,51;USD;5,51;5610,282
45870;ETF - VTI;USD;Inter;Core;521,24;5,51;USD;5,51;2872,0324
45870;Bitcoin 02;BTC;Binance;Core-Satellite;0,00672562;623259;BTC;5,51;4191,803196
45870;Solana;SOL;Binance;Satellite;5,52854904;901;USD;5,51;4981,222685
45870;Bitcoin 01;BTC;Ledger;Core-Satellite;0,27932596;623259;BTC;5,51;174092,4185
45901;Porquinho;;Inter;Core;8993,97;;BRL;5,41;8993,97
45901;LCA BOCOM;;Inter;Core;4811,06;;BRL;5,41;4811,06
45901;Conta Global;USD;Inter;Core;536,6;5,41;USD;5,41;2903,006
45901;USDT;USD;Binance;Core;101,45;5,41;USD;5,41;548,8445
45901;USDC;USD;Binance;Core;101,11;5,41;USD;5,41;547,0051
45901;USDC;USD;AAVE;Core;1664,37;5,41;USD;5,41;9004,2417
45901;USDC;USD;AAVE;Core;1664,37;5,41;USD;5,41;9004,2417
45901;Bitcoin 02;BTC;Binance;Core-Satellite;0,00789381;601021,786;BTC;5,41;4744,351785
45901;Solana;SOL;Binance;Satellite;5,54931655;206,47;USD;5,41;1145,767388
45901;Bitcoin 01;BTC;Ledger;Core-Satellite;0,27932596;601021,786;BTC;5,41;167880,9874
45901;Tesouro IPCA Renda+ 2065;;Inter;Core;9081,18;;BRL;5,41;9081,18
45901;Previdência Privada;;Inter;Core;4425,32;;BRL;5,41;4425,32
45901;ETF - ARGT;USD;Inter;Satellite;486,47;5,41;USD;5,41;2631,8027
45901;ETF - VOO;USD;Inter;Core;1036,15;5,41;USD;5,41;5605,5715
45901;ETF - GLDM;USD;Inter;Hedge;1000;5,41;USD;5,41;5410
45901;ETF - GLDM;USD;Inter;Hedge;1000;5,41;USD;5,41;5410
45931;Bitcoin 01;BTC;Ledger;Core-Satellite;0,27932596;593261;BTC;5,3574;165713,1984
45931;Bitcoin 02;BTC;Binance;Core-Satellite;0,00789381;593261;BTC;5,3574;4683,089614
45931;ETF - ARGT;ARGT;Inter;Satellite;6,09534;491,862894;USD;5,3574;2998,071572
45931;ETF - GLDM;GLDM;Inter;Hedge;13,87541817;418,359366;USD;5,3574;5804,911149
45931;ETF - VOO;VOO;Inter;Core;1,74155;3385,60893;USD;5,3574;5896,207232
45931;LCA BOCOM;;Inter;Core;4873,03;;BRL;5,3574;4873,03
45931;Porquinho;;Inter;Core;6798,4;;BRL;5,3574;6798,4
45931;Previdência Privada;;Inter;Core;4425,32;;BRL;5,3574;4425,32
45931;Solana;SOL;Binance;Satellite;6,04;1055,09;USD;5,3574;6372,7436
45931;Tesouro IPCA Renda+ 2065;;Inter;Core;9560,19;;BRL;5,3574;9560,19
45931;Time Deposit;USD;Inter;Core;908,98;5,3574;USD;5,3574;4869,769452
45931;USDC;USD;AAVE;Core;1664,37;5,3574;USD;5,3574;8916,695838
45931;USDT;USD;Binance;Core;102,278;5,3574;USD;5,3574;547,9441572
45962;Bitcoin 01;BTC;Ledger;Core-Satellite;0,27932596;561947;BTC;5,3654;156966,3852
45962;Bitcoin 02;BTC;Binance;Core-Satellite;0,00789381;561947;BTC;5,3654;4435,902848
45962;ETF - ARGT;ARGT;Inter;Satellite;6,09534;504,240292;USD;5,3654;3073,516021
45962;ETF - GLDM;GLDM;Inter;Hedge;13,87541817;419,198702;USD;5,3654;5816,557287
45962;ETF - VOO;VOO;Inter;Core;1,74155;3351,121532;USD;5,3654;5836,145704
45962;LCD BNDES LIQUIDEZ;;Inter;Core;11274,25;;BRL;5,3654;11274,25
45962;Porquinho;;Inter;Core;10525,71;;BRL;5,3654;10525,71
45962;Previdência Privada;;Inter;Core;4566,67;;BRL;5,3654;4566,67
45962;Solana;SOL;Binance;Satellite;6,04;881,87;USD;5,3654;5326,4948
45962;Tesouro IPCA Renda+ 2065;;Inter;Core;9879,62;;BRL;5,3654;9879,62
45962;Time Deposit;USD;Inter;Core;908,98;5,3654;USD;5,3654;4877,041292
45962;USDC;USD;AAVE;Core;1664,37;5,3654;USD;5,3654;8930,010798
45962;USDT;USD;Binance;Core;102,278;5,3654;USD;5,3654;548,7623812
45992;Bitcoin 01;BTC;Ledger;Core-Satellite;0,27932596;482135;BTC;5,3387;134672,8217
45992;Bitcoin 02;BTC;Binance;Core-Satellite;0,01200282;482135;BTC;5,3387;5786,979621
45992;ETF - ARGT;ARGT;Inter;Satellite;6,09534;504,346989;USD;5,3387;3074,166376
45992;ETF - GLDM;GLDM;Inter;Hedge;13,87541817;448,183865;USD;5,3387;6218,738544
45992;ETF - VOO;VOO;Inter;Core;1,74155;3371,201128;USD;5,3387;5871,115324
45992;LCD BNDES LIQUIDEZ;;Inter;Core;11392,44;;BRL;5,3387;11392,44
45992;Porquinho;;Inter;Core;5341,55;;BRL;5,3387;5341,55
45992;Previdência Privada;;Inter;Core;11997,62;;BRL;5,3387;11997,62
45992;Solana;SOL;Binance;Satellite;6,055;720,79;USD;5,3387;4364,38345
45992;Tesouro IPCA Renda+ 2065;;Inter;Core;11106,13;;BRL;5,3387;11106,13
45992;Time Deposit;USD;Inter;Core;911,85;5,3387;USD;5,3387;4868,093595
45992;USDC;USD;AAVE;Core;1679,25;5,3387;USD;5,3387;8965,011975
45992;USDT;USD;Binance;Core;103,45;5,3387;USD;5,3387;552,288515
46023;USDC;USD;AAVE;Core;1683,88;5,2144;USD;5,2144;8780,423872
46023;Bitcoin 02;BTC;Binance;Core-Satellite;0,01200282;466870;BTC;5,2144;5603,756573
46023;Solana;SOL;Binance;Satellite;6,067;656,21;USD;5,2144;3981,22607
46023;USDT;USD;Binance;Core;104,63;5,2144;USD;5,2144;545,582672
46023;ETF - ARGT;ARGT;Inter;Satellite;6,09534;530,82592;USD;5,2144;3235,564463
46023;ETF - GLDM;GLDM;Inter;Hedge;13,87541817;546,312688;USD;5,2144;7580,316998
46023;ETF - VOO;VOO;Inter;Core;1,74155;3333,04448;USD;5,2144;5804,663614
46023;LCD BNDES LIQUIDEZ;;Inter;Core;11500,96;;BRL;5,2144;11500,96
46023;Porquinho;;Inter;Core;5757,57;;BRL;5,2144;5757,57
46023;Previdência - RV - 54%;;Inter;Core;6478,7148;;BRL;5,2144;6478,7148
46023;Previdência Privada - RF - 46%;;Inter;Core;5518,9052;;BRL;5,2144;5518,9052
46023;Tesouro IPCA Renda+ 2065;;Inter;Core;12995,59;;BRL;5,2144;12995,59
46023;Time Deposit;USD;Inter;Core;1483,92;5,2144;USD;5,2144;7737,752448
46023;Bitcoin 01;BTC;Ledger;Core-Satellite;0,27932596;466870;BTC;5,2144;130408,9109
46054;USDC;USD;AAVE;Core;1687,02;5,222;USD;5,222;8809,61844
46054;LCD BNDES LIQUIDEZ;;Inter;Core;11605,01;;BRL;5,222;11605,01
46054;Porquinho;;Inter;Core;8651,25;;BRL;5,222;8651,25
46054;Bitcoin 02;BTC;Binance;Core-Satellite;0,02114178;354230;BTC;5,222;7489,052729
46054;Solana;SOL;Binance;Satellite;6,067;436,27;USD;5,222;2646,85009
46054;Bitcoin 01;BTC;Ledger;Core-Satellite;0,27932596;354230;BTC;5,222;98945,63481
46054;Previdência Privada - RF - 46%;;Inter;Core;6110,1708;;BRL;5,222;6110,1708
46054;Tesouro IPCA Renda+ 2065;;Inter;Core;12704;;BRL;5,222;12704
46054;Time Deposit;USD;Inter;Core;567,36;5,222;USD;5,222;2962,75392
46054;ETF - ARGT;ARGT;Inter;Satellite;6,09534;481,31174;USD;5,222;2933,758701
46054;ETF - VOO;VOO;Inter;Core;1,74155;3305,57822;USD;5,222;5756,829749
46054;Previdência - RV - 54%;;Inter;Core;7172,8092;;BRL;5,222;7172,8092
46054;ETF - SIVR;SIVR;Inter;Satellite;3,19249;386,37578;USD;5,222;1233,500814
46054;ETF - GLDM;GLDM;Inter;Hedge;13,87541817;516,66468;USD;5,222;7168,938489
46054;ETF - IAUM;IAUM;Inter;Hedge;14,47;260,16004;USD;5,222;3764,515779
46082;USDC;USD;AAVE;Core;1690,33;5,1884;USD;5,1884;8770,108172
46082;LCD BNDES LIQUIDEZ;;Inter;Core;11743,35;;BRL;5,1884;11743,35
46082;Porquinho;;Inter;Core;9347,15;;BRL;5,1884;9347,15
46082;Bitcoin 02;BTC;Binance;Core-Satellite;0,00610704;367285;BTC;5,1884;2243,024186
46082;Solana;SOL;Binance;Satellite;6,094;450,02;USD;5,1884;2742,42188
46082;Bitcoin 01;BTC;Ledger;Core-Satellite;0,30045274;367285;BTC;5,1884;110351,7846
46082;Previdência Privada - RF - 46%;;Inter;Core;7929,8618;;BRL;5,1884;7929,8618
46082;Tesouro IPCA Renda+ 2065;;Inter;Core;13211,9;;BRL;5,1884;13211,9
46082;Time Deposit;USD;Inter;Core;568,97;5,1884;USD;5,1884;2952,043948
46082;ETF - ARGT;ARGT;Inter;Satellite;6,09534;461,560064;USD;5,1884;2813,365521
46082;ETF - VOO;VOO;Inter;Core;1,74155;3229,623348;USD;5,1884;5624,550542
46082;Previdência - RV - 54%;;Inter;Core;9308,9682;;BRL;5,1884;9308,9682
46082;ETF - SIVR;SIVR;Inter;Satellite;3,19249;422,231992;USD;5,1884;1347,971412
46082;ETF - GLDM;GLDM;Inter;Hedge;13,87541817;532,226072;USD;5,1884;7384,85931
46082;ETF - IAUM;IAUM;Inter;Hedge;14,47;268,136512;USD;5,1884;3879,935329
46113;USDC;USD;AAVE;Core;1692,72;4,9703;USD;4,9703;8413,326216
46113;Bitcoin 02;BTC;Binance;Core-Satellite;0,00610704;374009;BTC;4,9703;2284,087923
46113;Solana;SOL;Binance;Satellite;6,1093;432,48;USD;4,9703;2642,150064
46113;Time Deposit;USD;Inter;Core;322,98;4,9703;USD;4,9703;1605,307494
46113;Tesouro IPCA Renda+ 2065;;Inter;Core;14088,77;;BRL;4,9703;14088,77
46113;Previdência - RV - 54%;;Inter;Core;11077,641;;BRL;4,9703;11077,641
46113;Previdência - RF - 46%;;Inter;Core;9436,509;;BRL;4,9703;9436,509
46113;Porquinho;;Inter;Core;2842,03;;BRL;4,9703;2842,03
46113;LCI BRB;;Inter;Core;9594,66;;BRL;4,9703;9594,66
46113;LCD BNDES LIQUIDEZ;;Inter;Core;11870,58;;BRL;4,9703;11870,58
46113;ETF - VOO;VOO;Inter;Core;1,74155;3150,921685;USD;4,9703;5487,487661
46113;ETF - SIVR;SIVR;Inter;Satellite;3,19249;369,044775;USD;4,9703;1178,171754
46113;ETF - IAUM;IAUM;Inter;Hedge;14,47;237,282122;USD;4,9703;3433,472305
46113;ETF - XLE;XLE;Inter;Satellite;4,46908199;280,15;USD;4,9703;1252,013319
46113;ETF - GLDM;GLDM;Inter;Hedge;13,87541817;471,134737;USD;4,9703;6537,19149
46113;ETF - ARGT;ARGT;Inter;Satellite;6,09534;476,055334;USD;4,9703;2901,71912
46113;Bitcoin 01;BTC;Ledger;Core-Satellite;0,30045274;374009;BTC;4,9703;112372,0288
46143;USDC;USD;AAVE;Core;1697,7;4,9281;USD;4,9281;8366,43537
46143;Bitcoin 02;BTC;Binance;Core-Satellite;0,00610704;401794;BTC;4,9281;2453,77203
46143;Solana;SOL;Binance;Satellite;6,1093;423,54;USD;4,9281;2587,532922
46143;Time Deposit;USD;Inter;Core;323,47;4,9281;USD;4,9281;1594,092507
46143;Tesouro IPCA Renda+ 2065;;Inter;Core;12860,49;;BRL;4,9281;12860,49
46143;Previdência - RV - 54%;;Inter;Core;11035,2726;;BRL;4,9281;11035,2726
46143;Previdência - RF - 46%;;Inter;Core;9400,4174;;BRL;4,9281;9400,4174
46143;Porquinho;;Inter;Core;8555,89;;BRL;4,9281;8555,89
46143;LCI BRB;;Inter;Core;9651,92;;BRL;4,9281;9651,92
46143;LCD BNDES LIQUIDEZ;;Inter;Core;11942,62;;BRL;4,9281;11942,62
46143;ETF - VOO;VOO;Inter;Core;1,74155;3283,839435;USD;4,9281;5718,970568
46143;ETF - SIVR;SIVR;Inter;Satellite;3,19249;341,123082;USD;4,9281;1089,032028
46143;ETF - IAUM;IAUM;Inter;Hedge;14,47;223,785021;USD;4,9281;3238,169254
46143;ETF - XLE;XLE;Inter;Satellite;4,46908199;294,306132;USD;4,9281;1315,278234
46143;ETF - GLDM;GLDM;Inter;Hedge;13,87541817;444,268215;USD;4,9281;6164,407263
46143;Dolar Inter;USD;Inter;Core;570,43;4,9281;USD;4,9281;2811,136083
46143;Bitcoin 01;BTC;Ledger;Core-Satellite;0,30045274;401794;BTC;4,9281;120720,1082
46174;USDC;USD;AAVE;Core;1702,29;5,1824;USD;5,1824;8821,947696
46174;Bitcoin 02;BTC;Binance;Core-Satellite;0,00610704;318428;BTC;5,1824;1944,652533
46174;Solana;SOL;Binance;Satellite;6,1093;335,84;USD;5,1824;2051,747312
46174;Tesouro IPCA Renda+ 2065;;Inter;Core;11400,78;;BRL;5,1824;11400,78
46174;Previdência - RV - 54%;;Inter;Core;11502,0216;;BRL;5,1824;11502,0216
46174;Previdência - RF - 46%;;Inter;Core;9798,0184;;BRL;5,1824;9798,0184
46174;Porquinho;;Inter;Core;5202,44;;BRL;5,1824;5202,44
46174;LCI BRB - Set/26;;Inter;Core;9776,38;;BRL;5,1824;9776,38
46174;LCD BNDES LIQUIDEZ;;Inter;Core;12074,95;;BRL;5,1824;12074,95
46174;ETF - VOO;VOO;Inter;Core;2,806;3529,525344;USD;5,1824;9903,848115
46174;ETF - SIVR;SIVR;Inter;Satellite;3,19249;327,52768;USD;5,1824;1045,628843
46174;ETF - IAUM;IAUM;Inter;Hedge;14,47;222,635904;USD;5,1824;3221,541531
46174;ETF - XLE;XLE;Inter;Satellite;4,46908199;296,588752;USD;5,1824;1325,47945
46174;ETF - GLDM;GLDM;Inter;Hedge;13,87541817;442,110544;USD;5,1824;6134,468675
46174;Bitcoin 01;BTC;Ledger;Core-Satellite;0,30045274;318428;BTC;5,1824;95672,56509
46174;ETF - VXUS;VXUS;Inter;Core;4,609;430,72;USD;5,1824;1985,18848
46174;LCI BRB - Jun/27;;Inter;Core;6000;;BRL;5,1824;6000
46204;USDC;USD;AAVE;Core;1704,76;5,1262;USD;5,1262;8738,940712
46204;Bitcoin 02;BTC;Binance;Core-Satellite;0,00610704;323879;BTC;5,1262;1977,942008
46204;Solana;SOL;Binance;Satellite;6,1093;381,43;USD;5,1262;2330,270299
46204;Time Deposit;USD;Inter;Core;257,67;5,1262;USD;5,1262;1320,867954
46204;Flexible Account;USD;Revolut;Core;775,25;5,1262;USD;5,1262;3974,08655
46204;ETF - GLDM;GLDM;Inter;Hedge;13,87541817;407,071542;USD;5,1262;5648,28787
46204;ETF - GPCA11;GPCA11.SAO;Inter;Core;198;25,45;BRL;5,1262;5039,1
46204;Tesouro IPCA+ 2032;;Inter;Core;2986,86;;BRL;5,1262;2986,86
46204;ETF - IAUM;IAUM;Inter;Hedge;22,437;205,048;USD;5,1262;4600,661976
46204;ETF - SIVR;SIVR;Inter;Satellite;3,19249;273,072674;USD;5,1262;871,781781
46204;ETF - VOO;VOO;Inter;Core;2,806;3511,95962;USD;5,1262;9854,558694
46204;ETF - VXUS;VXUS;Inter;Core;4,609;427,627604;USD;5,1262;1970,935627
46204;ETF - XLE;XLE;Inter;Satellite;4,46908199;294,551452;USD;5,1262;1316,374589
46204;LCD BNDES LIQUIDEZ;;Inter;Core;12174,15;;BRL;5,1262;12174,15
46204;LCI BRB - Jun/27;;Inter;Core;6054,12;;BRL;5,1262;6054,12
46204;LCI BRB - Set/26;;Inter;Core;9869,83;;BRL;5,1262;9869,83
46204;Porquinho;;Inter;Core;5769,88;;BRL;5,1262;5769,88
46204;Previdência - Grão FIM;;Inter;Core;23518,7;;BRL;5,1262;23518,7
46204;Bitcoin 01;BTC;Ledger;Core-Satellite;0,30045274;323879;BTC;5,1262;97310,33298
46204;Tesouro IPCA Renda+ 2065;;Inter;Core;11955,66;;BRL;5,1262;11955,66
46235;USDC;USD;AAVE;Core;1708,69;5,1253;USD;5,1253;8757,548857
46235;Bitcoin 02;BTC;Binance;Core-Satellite;0,00610704;329479;BTC;5,1253;2012,141432
46235;Solana;SOL;Binance;Satellite;6,16;380,6;USD;5,1253;2344,496
46235;Time Deposit;USD;Inter;Core;258,27;5,1253;USD;5,1253;1323,711231
46235;Flexible Account;USD;Revolut;Core;203,76;5,1253;USD;5,1253;1044,331128
46235;ETF - GLDM;GLDM;Inter;Hedge;13,87541817;413,61171;USD;5,1253;5739,035436
46235;ETF - GPCA11;GPCA11.SAO;Inter;Core;198;25,54;BRL;5,1253;5056,92
46235;Tesouro IPCA+ 2032;;Inter;Core;3018,98;;BRL;5,1253;3018,98
46235;ETF - IAUM;IAUM;Inter;Hedge;22,437;208,343445;USD;5,1253;4674,601875
46235;ETF - SIVR;SIVR;Inter;Satellite;3,19249;290,09198;USD;5,1253;926,1157452
46235;ETF - VOO;VOO;Inter;Core;2,806;3633,735194;USD;5,1253;10196,26095
46235;ETF - VXUS;VXUS;Inter;Core;4,609;443,082185;USD;5,1253;2042,165791
46235;ETF - XLE;XLE;Inter;Satellite;4,46908199;299,932556;USD;5,1253;1340,423184
46235;LCD BNDES LIQUIDEZ;;Inter;Core;12295,73;;BRL;5,1253;12295,73
46235;LCI BRB - Jun/27;;Inter;Core;6124,47;;BRL;5,1253;6124,47
46235;LCI BRB - Set/26;;Inter;Core;9984,53;;BRL;5,1253;9984,53
46235;Porquinho;;Inter;Core;5066,55;;BRL;5,1253;5066,55
46235;Previdência - Grão FIM;;Inter;Core;23647,48;;BRL;5,1253;23647,48
46235;Bitcoin 01;BTC;Ledger;Core-Satellite;0,30045274;329479;BTC;5,1253;98992,86832
46235;Tesouro IPCA Renda+ 2065;;Inter;Core;12284,56;;BRL;5,1253;12284,56
46235;LCD BDMG LIQUIDEZ - 05/32;;Inter;Core;6434,4;;BRL;5,1253;6434,4
46266;USDC;USD;AAVE;Core;1708,69;5,1084;USD;5,1084;8728,671996
46266;Bitcoin 02;BTC;Binance;Core-Satellite;0,00610704;395046;BTC;5,1084;2412,561724
46266;Solana;SOL;Binance;Satellite;6,16;507,92;USD;5,1084;3128,7872
46266;Time Deposit;USD;Inter;Core;259,11;5,1084;USD;5,1084;1323,637524
46266;Flexible Account;USD;Revolut;Core;1569,08;5,1084;USD;5,1084;8015,488272
46266;ETF - GLDM;GLDM;Inter;Hedge;13,87541817;442,029852;USD;5,1084;6133,34904
46266;ETF - GPCA11;GPCA11.SAO;Inter;Core;198;25,88;BRL;5,1084;5124,24
46266;Tesouro IPCA+ 2032;;Inter;Core;3040,68;;BRL;5,1084;3040,68
46266;ETF - IAUM;IAUM;Inter;Hedge;22,437;222,675156;USD;5,1084;4996,162475
46266;ETF - SIVR;SIVR;Inter;Satellite;3,19249;315,801288;USD;5,1084;1008,192454
46266;ETF - VOO;VOO;Inter;Core;2,806;3591,767124;USD;5,1084;10078,49855
46266;ETF - VXUS;VXUS;Inter;Core;4,609;444,584052;USD;5,1084;2049,087896
46266;ETF - XLE;XLE;Inter;Satellite;4,46908199;333,016596;USD;5,1084;1488,278472
46266;LCD BNDES LIQUIDEZ;;Inter;Core;12411,14;;BRL;5,1084;12411,14
46266;LCI BRB - Jun/27;;Inter;Core;6191,37;;BRL;5,1084;6191,37
46266;LCI BRB - Set/26;;Inter;Core;10093;;BRL;5,1084;10093
46266;Porquinho;;Inter;Core;2427,12;;BRL;5,1084;2427,12
46266;Previdência - Grão FIM;;Inter;Core;25976,71;;BRL;5,1084;25976,71
46266;Bitcoin 01;BTC;Ledger;Core-Satellite;0,30045274;395046;BTC;5,1084;118692,6531
46266;Tesouro IPCA Renda+ 2065;;Inter;Core;12390,29;;BRL;5,1084;12390,29
46266;LCD BDMG LIQUIDEZ - 05/32;;Inter;Core;6487;;BRL;5,1084;6487